datetime,temp,hum,rad,wd,ws,rain,maxws,bv
2023-12-24 00:00:00,-1.87,68.02,0.0,165,0.0,0.0,0.0,12.89
2023-12-24 00:01:00,-1.87,68.21,0.0,165,0.0,0.0,0.0,12.89
2023-12-24 00:02:00,-1.89,67.87,0.0,273,0.06,0.0,0.9,12.89
2023-12-24 00:03:00,-1.86,67.71,0.0,345,0.03,0.0,0.9,12.89
2023-12-24 00:04:00,-1.87,67.58,0.0,335,0.015,0.0,0.9,12.89
2023-12-24 00:05:00,-1.83,67.59,0.0,200,0.15,0.0,0.9,12.89
2023-12-24 00:06:00,-1.79,67.41,0.0,124,0.015,0.0,0.9,12.89
2023-12-24 00:07:00,-1.79,67.05,0.0,221,0.105,0.0,0.9,12.89
2023-12-24 00:08:00,-1.73,66.91,0.0,159,0.135,0.0,0.9,12.89
2023-12-24 00:09:00,-1.72,66.52,0.0,189,0.165,0.0,0.9,12.89
2023-12-24 00:10:00,-1.69,66.29,0.0,202,0.105,0.0,0.9,12.89
2023-12-24 00:11:00,-1.65,65.92,0.0,162,0.525,0.0,1.8,12.89
2023-12-24 00:12:00,-1.62,65.81,0.0,143,0.225,0.0,0.9,12.89
2023-12-24 00:13:00,-1.58,65.76,0.0,143,0.0,0.0,0.0,12.89
2023-12-24 00:14:00,-1.58,65.73,0.0,143,0.015,0.0,0.9,12.89
2023-12-24 00:15:00,-1.55,65.59,0.0,144,0.075,0.0,0.9,12.89
2023-12-24 00:16:00,-1.58,65.56,0.0,147,0.015,0.0,0.9,12.89
2023-12-24 00:17:00,-1.56,65.39,0.0,149,0.0,0.0,0.0,12.89
2023-12-24 00:18:00,-1.54,65.45,0.0,149,0.0,0.0,0.0,12.89
2023-12-24 00:19:00,-1.56,65.55,0.0,149,0.0,0.0,0.0,12.89
2023-12-24 00:20:00,-1.55,65.58,0.0,149,0.0,0.0,0.0,12.89
2023-12-24 00:21:00,-1.58,65.77,0.0,149,0.0,0.0,0.0,12.89
2023-12-24 00:22:00,-1.59,65.75,0.0,149,0.0,0.0,0.0,12.89
2023-12-24 00:23:00,-1.61,65.77,0.0,149,0.0,0.0,0.0,12.89
2023-12-24 00:24:00,-1.62,65.73,0.0,149,0.0,0.0,0.0,12.89
2023-12-24 00:25:00,-1.61,65.78,0.0,149,0.0,0.0,0.0,12.89
2023-12-24 00:26:00,-1.59,65.82,0.0,149,0.0,0.0,0.0,12.89
2023-12-24 00:27:00,-1.61,65.86,0.0,149,0.0,0.0,0.0,12.89
2023-12-24 00:28:00,-1.61,65.82,0.0,149,0.0,0.0,0.0,12.89
2023-12-24 00:29:00,-1.59,66.09,0.0,149,0.0,0.0,0.0,12.89
2023-12-24 00:30:00,-1.61,66.4,0.0,149,0.0,0.0,0.0,12.89
2023-12-24 00:31:00,-1.65,66.61,0.0,149,0.0,0.0,0.0,12.89
2023-12-24 00:32:00,-1.63,66.81,0.0,149,0.0,0.0,0.0,12.89
2023-12-24 00:33:00,-1.66,66.98,0.0,149,0.0,0.0,0.0,12.89
2023-12-24 00:34:00,-1.69,67.27,0.0,149,0.0,0.0,0.0,12.89
2023-12-24 00:35:00,-1.68,67.46,0.0,149,0.0,0.0,0.0,12.89
2023-12-24 00:36:00,-1.7,67.61,0.0,149,0.0,0.0,0.0,12.89
2023-12-24 00:37:00,-1.72,67.74,0.0,150,0.015,0.0,0.9,12.89
2023-12-24 00:38:00,-1.7,67.87,0.0,150,0.0,0.0,0.0,12.89
2023-12-24 00:39:00,-1.7,67.99,0.0,150,0.0,0.0,0.0,12.89
2023-12-24 00:40:00,-1.72,68.06,0.0,150,0.0,0.0,0.0,12.89
2023-12-24 00:41:00,-1.72,68.16,0.0,150,0.0,0.0,0.0,12.89
2023-12-24 00:42:00,-1.72,68.19,0.0,184,0.015,0.0,0.9,12.89
2023-12-24 00:43:00,-1.69,68.13,0.0,183,0.0,0.0,0.0,12.89
2023-12-24 00:44:00,-1.68,68.07,0.0,146,0.075,0.0,0.9,12.89
2023-12-24 00:45:00,-1.68,68.02,0.0,150,0.165,0.0,0.9,12.89
2023-12-24 00:46:00,-1.68,68.02,0.0,150,0.045,0.0,0.9,12.89
2023-12-24 00:47:00,-1.65,67.89,0.0,149,0.0,0.0,0.0,12.89
2023-12-24 00:48:00,-1.62,67.74,0.0,146,0.015,0.0,0.9,12.89
2023-12-24 00:49:00,-1.61,67.71,0.0,146,0.0,0.0,0.0,12.89
2023-12-24 00:50:00,-1.61,67.7,0.0,146,0.0,0.0,0.0,12.89
2023-12-24 00:51:00,-1.62,67.73,0.0,146,0.0,0.0,0.0,12.89
2023-12-24 00:52:00,-1.61,67.53,0.0,146,0.0,0.0,0.0,12.89
2023-12-24 00:53:00,-1.58,67.46,0.0,146,0.0,0.0,0.0,12.89
2023-12-24 00:54:00,-1.59,67.47,0.0,146,0.0,0.0,0.0,12.89
2023-12-24 00:55:00,-1.58,67.46,0.0,146,0.0,0.0,0.0,12.89
2023-12-24 00:56:00,-1.58,67.42,0.0,146,0.0,0.0,0.0,12.89
2023-12-24 00:57:00,-1.54,67.39,0.0,146,0.0,0.0,0.0,12.89
2023-12-24 00:58:00,-1.55,67.3,0.0,146,0.0,0.0,0.0,12.89
2023-12-24 00:59:00,-1.54,67.11,0.0,146,0.0,0.0,0.0,12.89
2023-12-24 01:00:00,-1.52,67.03,0.0,146,0.0,0.0,0.0,12.89
2023-12-24 01:01:00,-1.49,66.98,0.0,146,0.0,0.0,0.0,12.89
2023-12-24 01:02:00,-1.48,66.94,0.0,149,0.0,0.0,0.0,12.89
2023-12-24 01:03:00,-1.48,66.92,0.0,149,0.0,0.0,0.0,12.89
2023-12-24 01:04:00,-1.48,66.85,0.0,150,0.015,0.0,0.9,12.89
2023-12-24 01:05:00,-1.45,66.79,0.0,150,0.0,0.0,0.0,12.89
2023-12-24 01:06:00,-1.45,66.7,0.0,150,0.045,0.0,0.9,12.89
2023-12-24 01:07:00,-1.42,66.53,0.0,161,0.06,0.0,0.9,12.89
2023-12-24 01:08:00,-1.42,66.55,0.0,163,0.015,0.0,0.9,12.89
2023-12-24 01:09:00,-1.39,66.64,0.0,163,0.0,0.0,0.0,12.89
2023-12-24 01:10:00,-1.39,66.7,0.0,167,0.015,0.0,0.9,12.89
2023-12-24 01:11:00,-1.41,66.64,0.0,167,0.0,0.0,0.0,12.89
2023-12-24 01:12:00,-1.42,66.66,0.0,167,0.0,0.0,0.0,12.89
2023-12-24 01:13:00,-1.47,66.66,0.0,167,0.0,0.0,0.0,12.89
2023-12-24 01:14:00,-1.45,66.77,0.0,167,0.0,0.0,0.0,12.89
2023-12-24 01:15:00,-1.44,66.94,0.0,167,0.0,0.0,0.0,12.89
2023-12-24 01:16:00,-1.45,67.06,0.0,167,0.0,0.0,0.0,12.89
2023-12-24 01:17:00,-1.45,67.26,0.0,167,0.0,0.0,0.0,12.89
2023-12-24 01:18:00,-1.48,67.37,0.0,167,0.0,0.0,0.0,12.89
2023-12-24 01:19:00,-1.48,67.54,0.0,167,0.0,0.0,0.0,12.89
2023-12-24 01:20:00,-1.48,67.57,0.0,167,0.0,0.0,0.0,12.89
2023-12-24 01:21:00,-1.45,67.71,0.0,167,0.0,0.0,0.0,12.89
2023-12-24 01:22:00,-1.48,67.62,0.0,167,0.0,0.0,0.0,12.89
2023-12-24 01:23:00,-1.49,67.57,0.0,167,0.0,0.0,0.0,12.89
2023-12-24 01:24:00,-1.51,67.54,0.0,167,0.0,0.0,0.0,12.89
2023-12-24 01:25:00,-1.52,67.55,0.0,167,0.0,0.0,0.0,12.89
2023-12-24 01:26:00,-1.52,67.45,0.0,167,0.0,0.0,0.0,12.89
2023-12-24 01:27:00,-1.48,67.34,0.0,167,0.0,0.0,0.0,12.89
2023-12-24 01:28:00,-1.47,67.38,0.0,167,0.0,0.0,0.0,12.89
2023-12-24 01:29:00,-1.48,67.65,0.0,167,0.0,0.0,0.0,12.89
2023-12-24 01:30:00,-1.45,67.56,0.0,167,0.0,0.0,0.0,12.89
2023-12-24 01:31:00,-1.49,67.45,0.0,167,0.0,0.0,0.0,12.89
2023-12-24 01:32:00,-1.47,67.49,0.0,167,0.0,0.0,0.0,12.89
2023-12-24 01:33:00,-1.48,67.52,0.0,167,0.0,0.0,0.0,12.89
2023-12-24 01:34:00,-1.48,67.67,0.0,167,0.0,0.0,0.0,12.89
2023-12-24 01:35:00,-1.45,67.61,0.0,167,0.0,0.0,0.0,12.89
2023-12-24 01:36:00,-1.44,67.69,0.0,167,0.0,0.0,0.0,12.89
2023-12-24 01:37:00,-1.45,67.36,0.0,167,0.0,0.0,0.0,12.89
2023-12-24 01:38:00,-1.44,67.28,0.0,167,0.0,0.0,0.0,12.89
2023-12-24 01:39:00,-1.45,67.17,0.0,167,0.0,0.0,0.0,12.89
2023-12-24 01:40:00,-1.47,67.14,0.0,167,0.0,0.0,0.0,12.89
2023-12-24 01:41:00,-1.48,67.12,0.0,167,0.0,0.0,0.0,12.89
2023-12-24 01:42:00,-1.49,67.21,0.0,167,0.0,0.0,0.0,12.89
2023-12-24 01:43:00,-1.52,67.24,0.0,167,0.0,0.0,0.0,12.89
2023-12-24 01:44:00,-1.52,67.27,0.0,167,0.0,0.0,0.0,12.89
2023-12-24 01:45:00,-1.56,67.17,0.0,176,0.03,0.0,0.9,12.89
2023-12-24 01:46:00,-1.55,66.92,0.0,143,0.015,0.0,0.9,12.89
2023-12-24 01:47:00,-1.52,66.77,0.0,143,0.0,0.0,0.0,12.89
2023-12-24 01:48:00,-1.52,66.74,0.0,143,0.0,0.0,0.0,12.89
2023-12-24 01:49:00,-1.51,66.98,0.0,143,0.0,0.0,0.0,12.89
2023-12-24 01:50:00,-1.51,67.0,0.0,143,0.03,0.0,0.9,12.89
2023-12-24 01:51:00,-1.48,67.26,0.0,143,0.0,0.0,0.0,12.89
2023-12-24 01:52:00,-1.48,66.9,0.0,143,0.0,0.0,0.0,12.89
2023-12-24 01:53:00,-1.49,67.06,0.0,143,0.0,0.0,0.0,12.89
2023-12-24 01:54:00,-1.49,67.06,0.0,143,0.0,0.0,0.0,12.89
2023-12-24 01:55:00,-1.49,67.1,0.0,143,0.0,0.0,0.0,12.89
2023-12-24 01:56:00,-1.47,67.19,0.0,143,0.015,0.0,0.9,12.89
2023-12-24 01:57:00,-1.48,67.08,0.0,143,0.0,0.0,0.0,12.89
2023-12-24 01:58:00,-1.42,67.26,0.0,143,0.0,0.0,0.0,12.89
2023-12-24 01:59:00,-1.41,67.33,0.0,143,0.0,0.0,0.0,12.89
2023-12-24 02:00:00,-1.42,67.22,0.0,143,0.0,0.0,0.0,12.89
2023-12-24 02:01:00,-1.39,67.17,0.0,143,0.0,0.0,0.0,12.89
2023-12-24 02:02:00,-1.38,67.09,0.0,143,0.0,0.0,0.0,12.89
2023-12-24 02:03:00,-1.37,67.2,0.0,143,0.0,0.0,0.0,12.89
2023-12-24 02:04:00,-1.38,67.14,0.0,143,0.0,0.0,0.0,12.89
2023-12-24 02:05:00,-1.37,67.57,0.0,143,0.0,0.0,0.0,12.89
2023-12-24 02:06:00,-1.37,67.16,0.0,143,0.0,0.0,0.0,12.89
2023-12-24 02:07:00,-1.39,67.22,0.0,143,0.0,0.0,0.0,12.89
2023-12-24 02:08:00,-1.37,67.42,0.0,143,0.0,0.0,0.0,12.89
2023-12-24 02:09:00,-1.38,67.16,0.0,141,0.015,0.0,0.9,12.89
2023-12-24 02:10:00,-1.41,67.31,0.0,141,0.0,0.0,0.0,12.89
2023-12-24 02:11:00,-1.37,67.31,0.0,141,0.015,0.0,0.9,12.89
2023-12-24 02:12:00,-1.37,67.23,0.0,143,0.0,0.0,0.0,12.89
2023-12-24 02:13:00,-1.37,67.37,0.0,150,0.045,0.0,0.9,12.89
2023-12-24 02:14:00,-1.37,67.29,0.0,151,0.015,0.0,0.9,12.89
2023-12-24 02:15:00,-1.35,67.29,0.0,151,0.03,0.0,0.9,12.89
2023-12-24 02:16:00,-1.34,67.3,0.0,151,0.0,0.0,0.0,12.89
2023-12-24 02:17:00,-1.35,67.41,0.0,151,0.0,0.0,0.0,12.89
2023-12-24 02:18:00,-1.31,67.33,0.0,151,0.0,0.0,0.0,12.89
2023-12-24 02:19:00,-1.35,67.1,0.0,153,0.015,0.0,0.9,12.89
2023-12-24 02:20:00,-1.32,66.98,0.0,153,0.0,0.0,0.0,12.89
2023-12-24 02:21:00,-1.3,67.06,0.0,153,0.0,0.0,0.0,12.89
2023-12-24 02:22:00,-1.31,67.14,0.0,153,0.0,0.0,0.0,12.89
2023-12-24 02:23:00,-1.31,67.08,0.0,153,0.0,0.0,0.0,12.89
2023-12-24 02:24:00,-1.31,67.05,0.0,153,0.0,0.0,0.0,12.89
2023-12-24 02:25:00,-1.32,66.85,0.0,153,0.0,0.0,0.0,12.89
2023-12-24 02:26:00,-1.31,66.71,0.0,153,0.0,0.0,0.0,12.89
2023-12-24 02:27:00,-1.27,66.6,0.0,153,0.0,0.0,0.0,12.89
2023-12-24 02:28:00,-1.25,66.59,0.0,153,0.0,0.0,0.0,12.89
2023-12-24 02:29:00,-1.25,66.57,0.0,153,0.0,0.0,0.0,12.89
2023-12-24 02:30:00,-1.24,66.7,0.0,153,0.0,0.0,0.0,12.89
2023-12-24 02:31:00,-1.22,66.66,0.0,153,0.0,0.0,0.0,12.89
2023-12-24 02:32:00,-1.21,66.56,0.0,153,0.0,0.0,0.0,12.89
2023-12-24 02:33:00,-1.21,66.49,0.0,153,0.0,0.0,0.0,12.89
2023-12-24 02:34:00,-1.24,66.5,0.0,153,0.0,0.0,0.0,12.89
2023-12-24 02:35:00,-1.24,66.53,0.0,153,0.0,0.0,0.0,12.89
2023-12-24 02:36:00,-1.21,66.76,0.0,153,0.0,0.0,0.0,12.89
2023-12-24 02:37:00,-1.21,66.71,0.0,153,0.0,0.0,0.0,12.89
2023-12-24 02:38:00,-1.22,66.85,0.0,153,0.0,0.0,0.0,12.89
2023-12-24 02:39:00,-1.24,66.94,0.0,153,0.0,0.0,0.0,12.89
2023-12-24 02:40:00,-1.22,67.08,0.0,153,0.0,0.0,0.0,12.89
2023-12-24 02:41:00,-1.22,67.08,0.0,153,0.0,0.0,0.0,12.89
2023-12-24 02:42:00,-1.24,67.07,0.0,153,0.0,0.0,0.0,12.89
2023-12-24 02:43:00,-1.28,67.06,0.0,153,0.0,0.0,0.0,12.89
2023-12-24 02:44:00,-1.27,67.2,0.0,153,0.0,0.0,0.0,12.89
2023-12-24 02:45:00,-1.27,67.17,0.0,153,0.0,0.0,0.0,12.89
2023-12-24 02:46:00,-1.27,67.34,0.0,153,0.0,0.0,0.0,12.89
2023-12-24 02:47:00,-1.27,67.44,0.0,153,0.0,0.0,0.0,12.89
2023-12-24 02:48:00,-1.28,67.84,0.0,153,0.0,0.0,0.0,12.89
2023-12-24 02:49:00,-1.27,68.06,0.0,153,0.0,0.0,0.0,12.89
2023-12-24 02:50:00,-1.3,68.37,0.0,153,0.0,0.0,0.0,12.89
2023-12-24 02:51:00,-1.32,68.38,0.0,153,0.0,0.0,0.0,12.89
2023-12-24 02:52:00,-1.31,68.33,0.0,153,0.0,0.0,0.0,12.89
2023-12-24 02:53:00,-1.31,68.39,0.0,153,0.0,0.0,0.0,12.89
2023-12-24 02:54:00,-1.32,68.44,0.0,153,0.0,0.0,0.0,12.89
2023-12-24 02:55:00,-1.32,68.5,0.0,153,0.0,0.0,0.0,12.89
2023-12-24 02:56:00,-1.3,68.4,0.0,153,0.0,0.0,0.0,12.89
2023-12-24 02:57:00,-1.3,68.2,0.0,153,0.0,0.0,0.0,12.89
2023-12-24 02:58:00,-1.31,68.24,0.0,153,0.0,0.0,0.0,12.89
2023-12-24 02:59:00,-1.27,68.2,0.0,153,0.0,0.0,0.0,12.89
2023-12-24 03:00:00,-1.31,68.12,0.0,153,0.0,0.0,0.0,12.89
2023-12-24 03:01:00,-1.3,68.18,0.0,153,0.0,0.0,0.0,12.89
2023-12-24 03:02:00,-1.28,68.09,0.0,153,0.0,0.0,0.0,12.89
2023-12-24 03:03:00,-1.27,68.03,0.0,153,0.0,0.0,0.0,12.89
2023-12-24 03:04:00,-1.27,67.85,0.0,153,0.0,0.0,0.0,12.89
2023-12-24 03:05:00,-1.27,67.81,0.0,153,0.0,0.0,0.0,12.89
2023-12-24 03:06:00,-1.24,67.86,0.0,153,0.0,0.0,0.0,12.89
2023-12-24 03:07:00,-1.24,67.94,0.0,153,0.0,0.0,0.0,12.89
2023-12-24 03:08:00,-1.25,67.79,0.0,153,0.0,0.0,0.0,12.89
2023-12-24 03:09:00,-1.22,67.96,0.0,153,0.0,0.0,0.0,12.89
2023-12-24 03:10:00,-1.24,68.06,0.0,153,0.0,0.0,0.0,12.89
2023-12-24 03:11:00,-1.2,68.13,0.0,153,0.0,0.0,0.0,12.89
2023-12-24 03:12:00,-1.21,68.39,0.0,153,0.0,0.0,0.0,12.89
2023-12-24 03:13:00,-1.22,68.49,0.0,153,0.0,0.0,0.0,12.89
2023-12-24 03:14:00,-1.22,68.46,0.0,153,0.0,0.0,0.0,12.89
2023-12-24 03:15:00,-1.22,68.27,0.0,153,0.015,0.0,0.9,12.89
2023-12-24 03:16:00,-1.21,68.3,0.0,153,0.0,0.0,0.0,12.89
2023-12-24 03:17:00,-1.2,68.53,0.0,153,0.0,0.0,0.0,12.89
2023-12-24 03:18:00,-1.2,68.77,0.0,153,0.0,0.0,0.0,12.89
2023-12-24 03:19:00,-1.17,68.98,0.0,154,0.015,0.0,0.9,12.89
2023-12-24 03:20:00,-1.15,69.13,0.0,154,0.0,0.0,0.0,12.89
2023-12-24 03:21:00,-1.17,69.29,0.0,154,0.0,0.0,0.0,12.89
2023-12-24 03:22:00,-1.15,69.42,0.0,154,0.0,0.0,0.0,12.89
2023-12-24 03:23:00,-1.15,69.61,0.0,154,0.0,0.0,0.0,12.89
2023-12-24 03:24:00,-1.15,70.24,0.0,154,0.0,0.0,0.0,12.89
2023-12-24 03:25:00,-1.15,70.17,0.0,154,0.0,0.0,0.0,12.89
2023-12-24 03:26:00,-1.14,70.1,0.0,154,0.0,0.0,0.0,12.89
2023-12-24 03:27:00,-1.15,70.27,0.0,154,0.0,0.0,0.0,12.89
2023-12-24 03:28:00,-1.17,70.51,0.0,154,0.0,0.0,0.0,12.89
2023-12-24 03:29:00,-1.15,70.86,0.0,154,0.0,0.0,0.0,12.89
2023-12-24 03:30:00,-1.17,70.82,0.0,154,0.0,0.0,0.0,12.89
2023-12-24 03:31:00,-1.18,70.96,0.0,154,0.0,0.0,0.0,12.89
2023-12-24 03:32:00,-1.2,71.52,0.0,154,0.0,0.0,0.0,12.89
2023-12-24 03:33:00,-1.2,71.75,0.0,154,0.0,0.0,0.0,12.89
2023-12-24 03:34:00,-1.21,72.12,0.0,154,0.0,0.0,0.0,12.89
2023-12-24 03:35:00,-1.24,72.44,0.0,154,0.0,0.0,0.0,12.89
2023-12-24 03:36:00,-1.24,72.83,0.0,154,0.0,0.0,0.0,12.89
2023-12-24 03:37:00,-1.27,73.32,0.0,167,0.015,0.0,0.9,12.89
2023-12-24 03:38:00,-1.28,73.66,0.0,167,0.0,0.0,0.0,12.89
2023-12-24 03:39:00,-1.31,73.95,0.0,168,0.0,0.0,0.0,12.89
2023-12-24 03:40:00,-1.34,74.42,0.0,176,0.0,0.0,0.0,12.89
2023-12-24 03:41:00,-1.32,74.79,0.0,176,0.0,0.0,0.0,12.89
2023-12-24 03:42:00,-1.38,75.4,0.0,176,0.0,0.0,0.0,12.89
2023-12-24 03:43:00,-1.38,75.5,0.0,176,0.0,0.0,0.0,12.89
2023-12-24 03:44:00,-1.41,75.74,0.0,176,0.0,0.0,0.0,12.89
2023-12-24 03:45:00,-1.42,75.99,0.0,176,0.0,0.0,0.0,12.89
2023-12-24 03:46:00,-1.45,76.28,0.0,176,0.0,0.0,0.0,12.89
2023-12-24 03:47:00,-1.48,76.62,0.0,177,0.0,0.0,0.0,12.89
2023-12-24 03:48:00,-1.49,76.81,0.0,177,0.0,0.0,0.0,12.89
2023-12-24 03:49:00,-1.51,77.13,0.0,179,0.0,0.0,0.0,12.89
2023-12-24 03:50:00,-1.54,77.48,0.0,179,0.0,0.0,0.0,12.89
2023-12-24 03:51:00,-1.54,77.73,0.0,179,0.0,0.0,0.0,12.89
2023-12-24 03:52:00,-1.56,77.94,0.0,179,0.0,0.0,0.0,12.89
2023-12-24 03:53:00,-1.56,78.43,0.0,173,0.015,0.0,0.9,12.89
2023-12-24 03:54:00,-1.56,78.75,0.0,173,0.0,0.0,0.0,12.89
2023-12-24 03:55:00,-1.58,79.03,0.0,173,0.0,0.0,0.0,12.89
2023-12-24 03:56:00,-1.58,79.29,0.0,173,0.0,0.0,0.0,12.89
2023-12-24 03:57:00,-1.58,79.44,0.0,173,0.0,0.0,0.0,12.89
2023-12-24 03:58:00,-1.61,79.54,0.0,173,0.0,0.0,0.0,12.89
2023-12-24 03:59:00,-1.61,79.62,0.0,173,0.0,0.0,0.0,12.89
2023-12-24 04:00:00,-1.59,79.89,0.0,173,0.0,0.0,0.0,12.89
2023-12-24 04:01:00,-1.62,80.03,0.0,173,0.0,0.0,0.0,12.89
2023-12-24 04:02:00,-1.63,80.16,0.0,173,0.0,0.0,0.0,12.89
2023-12-24 04:03:00,-1.63,80.21,0.0,173,0.0,0.0,0.0,12.89
2023-12-24 04:04:00,-1.69,80.27,0.0,173,0.0,0.0,0.0,12.89
2023-12-24 04:05:00,-1.7,80.37,0.0,173,0.0,0.0,0.0,12.89
2023-12-24 04:06:00,-1.75,80.59,0.0,173,0.0,0.0,0.0,12.89
2023-12-24 04:07:00,-1.76,80.84,0.0,173,0.0,0.0,0.0,12.89
2023-12-24 04:08:00,-1.79,81.0,0.0,173,0.0,0.0,0.0,12.89
2023-12-24 04:09:00,-1.79,81.27,0.0,173,0.0,0.0,0.0,12.89
2023-12-24 04:10:00,-1.82,81.59,0.0,173,0.0,0.0,0.0,12.89
2023-12-24 04:11:00,-1.82,81.75,0.0,173,0.0,0.0,0.0,12.89
2023-12-24 04:12:00,-1.82,82.15,0.0,173,0.0,0.0,0.0,12.89
2023-12-24 04:13:00,-1.83,82.38,0.0,173,0.0,0.0,0.0,12.89
2023-12-24 04:14:00,-1.87,82.66,0.0,173,0.0,0.0,0.0,12.89
2023-12-24 04:15:00,-1.86,82.85,0.0,173,0.0,0.0,0.0,12.89
2023-12-24 04:16:00,-1.89,82.97,0.0,173,0.0,0.0,0.0,12.89
2023-12-24 04:17:00,-1.9,83.32,0.0,173,0.0,0.0,0.0,12.89
2023-12-24 04:18:00,-1.9,83.6,0.0,173,0.0,0.0,0.0,12.89
2023-12-24 04:19:00,-1.92,83.81,0.0,173,0.0,0.0,0.0,12.89
2023-12-24 04:20:00,-1.94,83.94,0.0,173,0.0,0.0,0.0,12.89
2023-12-24 04:21:00,-1.96,84.13,0.0,173,0.0,0.0,0.0,12.89
2023-12-24 04:22:00,-1.94,84.43,0.0,173,0.0,0.0,0.0,12.89
2023-12-24 04:23:00,-1.96,84.72,0.0,173,0.0,0.0,0.0,12.89
2023-12-24 04:24:00,-1.99,84.95,0.0,173,0.0,0.0,0.0,12.89
2023-12-24 04:25:00,-1.97,85.08,0.0,173,0.0,0.0,0.0,12.89
2023-12-24 04:26:00,-1.99,85.23,0.0,173,0.0,0.0,0.0,12.89
2023-12-24 04:27:00,-1.99,85.44,0.0,173,0.0,0.0,0.0,12.89
2023-12-24 04:28:00,-1.99,85.54,0.0,177,0.0,0.0,0.0,12.89
2023-12-24 04:29:00,-1.99,85.69,0.0,177,0.0,0.0,0.0,12.89
2023-12-24 04:30:00,-2.0,85.9,0.0,177,0.0,0.0,0.0,12.89
2023-12-24 04:31:00,-2.0,85.98,0.0,177,0.0,0.0,0.0,12.89
2023-12-24 04:32:00,-2.03,86.13,0.0,177,0.0,0.0,0.0,12.89
2023-12-24 04:33:00,-2.03,86.33,0.0,177,0.0,0.0,0.0,12.89
2023-12-24 04:34:00,-2.04,86.47,0.0,61,0.165,0.0,0.9,12.89
2023-12-24 04:35:00,-2.06,86.49,0.0,66,0.015,0.0,0.9,12.89
2023-12-24 04:36:00,-2.09,86.67,0.0,70,0.165,0.0,0.9,12.89
2023-12-24 04:37:00,-2.1,86.84,0.0,70,0.0,0.0,0.0,12.89
2023-12-24 04:38:00,-2.14,87.17,0.0,79,0.0,0.0,0.0,12.89
2023-12-24 04:39:00,-2.13,87.42,0.0,79,0.0,0.0,0.0,12.89
2023-12-24 04:40:00,-2.13,87.59,0.0,79,0.0,0.0,0.0,12.89
2023-12-24 04:41:00,-2.13,87.66,0.0,79,0.0,0.0,0.0,12.89
2023-12-24 04:42:00,-2.17,87.75,0.0,79,0.0,0.0,0.0,12.89
2023-12-24 04:43:00,-2.14,87.9,0.0,79,0.0,0.0,0.0,12.89
2023-12-24 04:44:00,-2.17,88.03,0.0,79,0.0,0.0,0.0,12.89
2023-12-24 04:45:00,-2.15,88.22,0.0,83,0.0,0.0,0.0,12.89
2023-12-24 04:46:00,-2.15,88.37,0.0,83,0.0,0.0,0.0,12.89
2023-12-24 04:47:00,-2.14,88.48,0.0,83,0.0,0.0,0.0,12.89
2023-12-24 04:48:00,-2.14,88.47,0.0,83,0.0,0.0,0.0,12.89
2023-12-24 04:49:00,-2.14,88.48,0.0,83,0.0,0.0,0.0,12.89
2023-12-24 04:50:00,-2.14,88.55,0.0,83,0.0,0.0,0.0,12.89
2023-12-24 04:51:00,-2.13,88.64,0.0,91,0.0,0.0,0.0,12.89
2023-12-24 04:52:00,-2.14,88.8,0.0,91,0.0,0.0,0.0,12.89
2023-12-24 04:53:00,-2.15,88.88,0.0,101,0.015,0.0,0.9,12.89
2023-12-24 04:54:00,-2.15,88.88,0.0,102,0.0,0.0,0.0,12.89
2023-12-24 04:55:00,-2.17,88.86,0.0,104,0.0,0.0,0.0,12.89
2023-12-24 04:56:00,-2.15,88.9,0.0,104,0.0,0.0,0.0,12.89
2023-12-24 04:57:00,-2.17,88.93,0.0,104,0.0,0.0,0.0,12.89
2023-12-24 04:58:00,-2.17,89.01,0.0,104,0.0,0.0,0.0,12.89
2023-12-24 04:59:00,-2.15,89.12,0.0,105,0.0,0.0,0.0,12.89
2023-12-24 05:00:00,-2.17,89.3,0.0,149,0.12,0.0,0.9,12.89
2023-12-24 05:01:00,-2.14,89.42,0.0,148,0.015,0.0,0.9,12.89
2023-12-24 05:02:00,-2.11,89.55,0.0,148,0.045,0.0,0.9,12.89
2023-12-24 05:03:00,-2.1,89.78,0.0,148,0.0,0.0,0.0,12.89
2023-12-24 05:04:00,-2.07,89.88,0.0,148,0.015,0.0,0.9,12.89
2023-12-24 05:05:00,-2.06,89.93,0.0,148,0.0,0.0,0.0,12.89
2023-12-24 05:06:00,-2.03,89.99,0.0,148,0.0,0.0,0.0,12.89
2023-12-24 05:07:00,-1.99,89.94,0.0,148,0.0,0.0,0.0,12.89
2023-12-24 05:08:00,-2.0,89.93,0.0,148,0.0,0.0,0.0,12.89
2023-12-24 05:09:00,-1.96,89.97,0.0,170,0.015,0.0,0.9,12.89
2023-12-24 05:10:00,-1.96,89.93,0.0,177,0.015,0.0,0.9,12.89
2023-12-24 05:11:00,-1.97,89.96,0.0,177,0.0,0.0,0.0,12.89
2023-12-24 05:12:00,-1.96,89.94,0.0,177,0.0,0.0,0.0,12.89
2023-12-24 05:13:00,-1.94,89.87,0.0,177,0.0,0.0,0.0,12.89
2023-12-24 05:14:00,-1.94,89.89,0.0,177,0.0,0.0,0.0,12.89
2023-12-24 05:15:00,-1.94,89.9,0.0,177,0.0,0.0,0.0,12.89
2023-12-24 05:16:00,-1.96,89.92,0.0,175,0.0,0.0,0.0,12.89
2023-12-24 05:17:00,-1.92,89.93,0.0,166,0.015,0.0,0.9,12.89
2023-12-24 05:18:00,-1.9,89.94,0.0,165,0.03,0.0,0.9,12.89
2023-12-24 05:19:00,-1.92,89.92,0.0,165,0.0,0.0,0.0,12.89
2023-12-24 05:20:00,-1.89,89.97,0.0,165,0.015,0.0,0.9,12.89
2023-12-24 05:21:00,-1.9,90.0,0.0,165,0.0,0.0,0.0,12.89
2023-12-24 05:22:00,-1.89,90.05,0.0,160,0.015,0.0,0.9,12.89
2023-12-24 05:23:00,-1.87,90.08,0.0,159,0.0,0.0,0.0,12.89
2023-12-24 05:24:00,-1.86,90.14,0.0,172,0.015,0.0,0.9,12.89
2023-12-24 05:25:00,-1.86,90.17,0.0,156,0.06,0.0,0.9,12.89
2023-12-24 05:26:00,-1.83,90.21,0.0,231,0.165,0.0,0.9,12.89
2023-12-24 05:27:00,-1.84,90.16,0.0,227,0.075,0.0,0.9,12.89
2023-12-24 05:28:00,-1.83,90.15,0.0,208,0.18,0.0,0.9,12.89
2023-12-24 05:29:00,-1.83,90.13,0.0,207,0.0,0.0,0.0,12.89
2023-12-24 05:30:00,-1.8,90.14,0.0,197,0.015,0.0,0.9,12.89
2023-12-24 05:31:00,-1.82,90.17,0.0,168,0.03,0.0,0.9,12.89
2023-12-24 05:32:00,-1.8,90.12,0.0,159,0.015,0.0,0.9,12.89
2023-12-24 05:33:00,-1.8,90.08,0.0,160,0.075,0.0,0.9,12.89
2023-12-24 05:34:00,-1.78,90.11,0.0,133,0.03,0.0,0.9,12.89
2023-12-24 05:35:00,-1.79,90.12,0.0,127,0.0,0.0,0.0,12.89
2023-12-24 05:36:00,-1.8,90.15,0.0,127,0.0,0.0,0.0,12.89
2023-12-24 05:37:00,-1.8,90.15,0.0,99,0.015,0.0,0.9,12.89
2023-12-24 05:38:00,-1.79,90.16,0.0,98,0.015,0.0,0.9,12.89
2023-12-24 05:39:00,-1.76,90.18,0.0,113,0.015,0.0,0.9,12.89
2023-12-24 05:40:00,-1.78,90.23,0.0,125,0.015,0.0,0.9,12.89
2023-12-24 05:41:00,-1.78,90.3,0.0,147,0.015,0.0,0.9,12.89
2023-12-24 05:42:00,-1.76,90.41,0.0,128,0.015,0.0,0.9,12.89
2023-12-24 05:43:00,-1.76,90.41,0.0,128,0.0,0.0,0.0,12.89
2023-12-24 05:44:00,-1.75,90.45,0.0,128,0.0,0.0,0.0,12.89
2023-12-24 05:45:00,-1.75,90.5,0.0,128,0.0,0.0,0.0,12.89
2023-12-24 05:46:00,-1.76,90.55,0.0,128,0.0,0.0,0.0,12.89
2023-12-24 05:47:00,-1.75,90.62,0.0,128,0.0,0.0,0.0,12.89
2023-12-24 05:48:00,-1.75,90.68,0.0,128,0.0,0.0,0.0,12.89
2023-12-24 05:49:00,-1.72,90.75,0.0,128,0.0,0.0,0.0,12.89
2023-12-24 05:50:00,-1.72,90.84,0.0,128,0.0,0.0,0.0,12.89
2023-12-24 05:51:00,-1.72,90.86,0.0,128,0.0,0.0,0.0,12.89
2023-12-24 05:52:00,-1.73,90.96,0.0,128,0.0,0.0,0.0,12.89
2023-12-24 05:53:00,-1.72,91.0,0.0,128,0.0,0.0,0.0,12.89
2023-12-24 05:54:00,-1.7,91.08,0.0,128,0.0,0.0,0.0,12.89
2023-12-24 05:55:00,-1.72,91.13,0.0,128,0.0,0.0,0.0,12.89
2023-12-24 05:56:00,-1.69,91.18,0.0,128,0.0,0.0,0.0,12.89
2023-12-24 05:57:00,-1.72,91.17,0.0,128,0.0,0.0,0.0,12.89
2023-12-24 05:58:00,-1.68,91.28,0.0,128,0.0,0.0,0.0,12.89
2023-12-24 05:59:00,-1.7,91.32,0.0,128,0.0,0.0,0.0,12.89
2023-12-24 06:00:00,-1.68,91.38,0.0,128,0.0,0.0,0.0,12.89
2023-12-24 06:01:00,-1.68,91.34,0.0,128,0.0,0.0,0.0,12.89
2023-12-24 06:02:00,-1.69,91.38,0.0,128,0.0,0.0,0.0,12.89
2023-12-24 06:03:00,-1.68,91.39,0.0,129,0.0,0.0,0.0,12.89
2023-12-24 06:04:00,-1.69,91.43,0.0,130,0.0,0.0,0.0,12.89
2023-12-24 06:05:00,-1.69,91.44,0.0,130,0.0,0.0,0.0,12.89
2023-12-24 06:06:00,-1.69,91.47,0.0,130,0.015,0.0,0.9,12.89
2023-12-24 06:07:00,-1.69,91.47,0.0,130,0.0,0.0,0.0,12.89
2023-12-24 06:08:00,-1.7,91.5,0.0,130,0.0,0.0,0.0,12.74
2023-12-24 06:09:00,-1.7,91.52,0.0,131,0.0,0.0,0.0,12.89
2023-12-24 06:10:00,-1.73,91.53,0.0,131,0.0,0.0,0.0,12.89
2023-12-24 06:11:00,-1.7,91.58,0.0,131,0.0,0.0,0.0,12.74
2023-12-24 06:12:00,-1.72,91.55,0.0,131,0.0,0.0,0.0,12.89
2023-12-24 06:13:00,-1.73,91.53,0.0,131,0.0,0.0,0.0,12.89
2023-12-24 06:14:00,-1.72,91.57,0.0,131,0.0,0.0,0.0,12.89
2023-12-24 06:15:00,-1.7,91.59,0.0,131,0.0,0.0,0.0,12.74
2023-12-24 06:16:00,-1.76,91.57,0.0,131,0.0,0.0,0.0,12.74
2023-12-24 06:17:00,-1.75,91.59,0.0,131,0.0,0.0,0.0,12.89
2023-12-24 06:18:00,-1.73,91.64,0.0,131,0.0,0.0,0.0,12.74
2023-12-24 06:19:00,-1.76,91.69,0.0,131,0.0,0.0,0.0,12.74
2023-12-24 06:20:00,-1.73,91.76,0.0,131,0.0,0.0,0.0,12.89
2023-12-24 06:21:00,-1.76,91.8,0.0,131,0.0,0.0,0.0,12.71
2023-12-24 06:22:00,-1.75,91.85,0.0,131,0.0,0.0,0.0,12.74
2023-12-24 06:23:00,-1.73,91.91,0.0,131,0.0,0.0,0.0,12.71
2023-12-24 06:24:00,-1.75,91.96,0.0,131,0.0,0.0,0.0,12.89
2023-12-24 06:25:00,-1.75,91.95,0.0,131,0.0,0.0,0.0,12.71
2023-12-24 06:26:00,-1.76,92.01,0.0,131,0.0,0.0,0.0,12.89
2023-12-24 06:27:00,-1.75,92.07,0.0,131,0.0,0.0,0.0,12.74
2023-12-24 06:28:00,-1.75,92.08,0.0,131,0.0,0.0,0.0,12.74
2023-12-24 06:29:00,-1.75,92.16,0.0,131,0.0,0.0,0.0,12.71
2023-12-24 06:30:00,-1.73,92.21,0.0,131,0.0,0.0,0.0,12.74
2023-12-24 06:31:00,-1.73,92.3,0.0,131,0.0,0.0,0.0,12.71
2023-12-24 06:32:00,-1.75,92.32,0.0,131,0.0,0.0,0.0,12.71
2023-12-24 06:33:00,-1.72,92.32,0.0,131,0.0,0.0,0.0,12.71
2023-12-24 06:34:00,-1.73,92.35,0.0,131,0.0,0.0,0.0,12.71
2023-12-24 06:35:00,-1.72,92.41,0.0,131,0.0,0.0,0.0,12.74
2023-12-24 06:36:00,-1.7,92.43,0.0,131,0.0,0.0,0.0,12.74
2023-12-24 06:37:00,-1.72,92.43,0.0,132,0.0,0.0,0.0,12.71
2023-12-24 06:38:00,-1.7,92.44,0.0,132,0.0,0.0,0.0,12.71
2023-12-24 06:39:00,-1.7,92.44,0.0,132,0.0,0.0,0.0,12.74
2023-12-24 06:40:00,-1.72,92.41,0.0,132,0.0,0.0,0.0,12.71
2023-12-24 06:41:00,-1.73,92.47,0.0,132,0.0,0.0,0.0,12.71
2023-12-24 06:42:00,-1.73,92.47,0.0,132,0.0,0.0,0.0,12.71
2023-12-24 06:43:00,-1.72,92.5,0.0,132,0.0,0.0,0.0,12.71
2023-12-24 06:44:00,-1.72,92.59,0.0,132,0.0,0.0,0.0,12.71
2023-12-24 06:45:00,-1.75,92.59,0.0,132,0.0,0.0,0.0,12.71
2023-12-24 06:46:00,-1.75,92.61,0.0,132,0.0,0.0,0.0,12.71
2023-12-24 06:47:00,-1.72,92.66,0.0,132,0.0,0.0,0.0,12.71
2023-12-24 06:48:00,-1.7,92.71,0.0,132,0.0,0.0,0.0,12.71
2023-12-24 06:49:00,-1.72,92.73,0.0,132,0.0,0.0,0.0,12.71
2023-12-24 06:50:00,-1.72,92.74,0.0,132,0.0,0.0,0.0,12.71
2023-12-24 06:51:00,-1.7,92.78,0.0,132,0.0,0.0,0.0,12.71
2023-12-24 06:52:00,-1.69,92.78,0.0,132,0.0,0.0,0.0,12.71
2023-12-24 06:53:00,-1.7,92.77,0.0,132,0.0,0.0,0.0,12.71
2023-12-24 06:54:00,-1.7,92.75,0.0,132,0.0,0.0,0.0,12.71
2023-12-24 06:55:00,-1.7,92.8,0.0,132,0.0,0.0,0.0,12.71
2023-12-24 06:56:00,-1.72,92.79,0.0,132,0.0,0.0,0.0,12.71
2023-12-24 06:57:00,-1.7,92.87,0.0,132,0.0,0.0,0.0,12.71
2023-12-24 06:58:00,-1.69,92.83,0.0,132,0.0,0.0,0.0,12.71
2023-12-24 06:59:00,-1.69,92.82,0.0,132,0.0,0.0,0.0,12.71
2023-12-24 07:00:00,-1.72,92.84,0.0,132,0.0,0.0,0.0,12.71
2023-12-24 07:01:00,-1.7,92.87,0.0,132,0.0,0.0,0.0,12.71
2023-12-24 07:02:00,-1.72,92.94,0.0,132,0.0,0.0,0.0,12.71
2023-12-24 07:03:00,-1.72,92.95,0.0,132,0.0,0.0,0.0,12.71
2023-12-24 07:04:00,-1.72,92.99,0.0,132,0.0,0.0,0.0,12.71
2023-12-24 07:05:00,-1.73,92.99,0.0,132,0.0,0.0,0.0,12.71
2023-12-24 07:06:00,-1.75,93.03,0.0,132,0.0,0.0,0.0,12.71
2023-12-24 07:07:00,-1.72,93.05,0.0,132,0.0,0.0,0.0,12.71
2023-12-24 07:08:00,-1.75,93.08,0.0,132,0.0,0.0,0.0,12.71
2023-12-24 07:09:00,-1.72,93.2,0.0,132,0.0,0.0,0.0,12.71
2023-12-24 07:10:00,-1.73,93.34,0.0,132,0.0,0.0,0.0,12.71
2023-12-24 07:11:00,-1.69,93.48,0.0,132,0.0,0.0,0.0,12.71
2023-12-24 07:12:00,-1.68,93.52,0.0,132,0.0,0.0,0.0,12.71
2023-12-24 07:13:00,-1.7,93.53,0.0,132,0.0,0.0,0.0,12.71
2023-12-24 07:14:00,-1.7,93.51,0.0,132,0.0,0.0,0.0,12.71
2023-12-24 07:15:00,-1.72,93.54,0.0,134,0.0,0.0,0.0,12.71
2023-12-24 07:16:00,-1.68,93.53,0.0,134,0.0,0.0,0.0,12.71
2023-12-24 07:17:00,-1.69,93.5,0.0,134,0.0,0.0,0.0,12.71
2023-12-24 07:18:00,-1.72,93.46,0.0,134,0.0,0.0,0.0,12.71
2023-12-24 07:19:00,-1.73,93.49,0.0,134,0.0,0.0,0.0,12.71
2023-12-24 07:20:00,-1.69,93.53,0.0,134,0.0,0.0,0.0,12.71
2023-12-24 07:21:00,-1.72,93.54,0.0,134,0.0,0.0,0.0,12.71
2023-12-24 07:22:00,-1.72,93.57,0.0,134,0.0,0.0,0.0,12.71
2023-12-24 07:23:00,-1.68,93.59,0.0,134,0.0,0.0,0.0,12.71
2023-12-24 07:24:00,-1.69,93.61,0.0,134,0.0,0.0,0.0,12.71
2023-12-24 07:25:00,-1.7,93.65,0.0,134,0.0,0.0,0.0,12.71
2023-12-24 07:26:00,-1.68,93.7,0.0,134,0.0,0.0,0.0,12.71
2023-12-24 07:27:00,-1.69,93.71,0.0,128,0.0,0.0,0.0,12.71
2023-12-24 07:28:00,-1.68,93.76,0.0,128,0.0,0.0,0.0,12.71
2023-12-24 07:29:00,-1.68,93.81,0.0,128,0.0,0.0,0.0,12.71
2023-12-24 07:30:00,-1.65,93.85,0.0,128,0.0,0.0,0.0,12.71
2023-12-24 07:31:00,-1.65,93.91,0.0,128,0.0,0.0,0.0,12.71
2023-12-24 07:32:00,-1.66,93.87,0.0,128,0.0,0.0,0.0,12.71
2023-12-24 07:33:00,-1.66,93.86,0.0,128,0.0,0.0,0.0,12.71
2023-12-24 07:34:00,-1.63,93.9,0.0,128,0.0,0.0,0.0,12.71
2023-12-24 07:35:00,-1.65,93.89,0.0,128,0.0,0.0,0.0,12.71
2023-12-24 07:36:00,-1.69,93.87,0.0,128,0.0,0.0,0.0,12.71
2023-12-24 07:37:00,-1.69,93.87,0.0,128,0.0,0.0,0.0,12.71
2023-12-24 07:38:00,-1.66,93.91,0.0,128,0.0,0.0,0.0,12.71
2023-12-24 07:39:00,-1.69,93.95,0.0,128,0.0,0.0,0.0,12.71
2023-12-24 07:40:00,-1.65,93.96,0.0,128,0.0,0.0,0.0,12.71
2023-12-24 07:41:00,-1.66,94.0,0.0,128,0.0,0.0,0.0,12.71
2023-12-24 07:42:00,-1.63,94.04,0.0,128,0.0,0.0,0.0,12.71
2023-12-24 07:43:00,-1.66,94.1,0.0,128,0.0,0.0,0.0,12.71
2023-12-24 07:44:00,-1.63,94.08,0.0,128,0.0,0.0,0.0,12.71
2023-12-24 07:45:00,-1.63,94.11,0.0,128,0.0,0.0,0.0,12.71
2023-12-24 07:46:00,-1.62,94.13,0.76,128,0.0,0.0,0.0,12.71
2023-12-24 07:47:00,-1.61,94.14,0.0,128,0.0,0.0,0.0,12.71
2023-12-24 07:48:00,-1.63,94.12,0.76,128,0.0,0.0,0.0,12.71
2023-12-24 07:49:00,-1.62,94.13,1.14,128,0.0,0.0,0.0,12.71
2023-12-24 07:50:00,-1.63,94.09,1.14,128,0.0,0.0,0.0,12.71
2023-12-24 07:51:00,-1.65,94.09,1.53,128,0.0,0.0,0.0,12.71
2023-12-24 07:52:00,-1.65,94.07,1.53,128,0.0,0.0,0.0,12.71
2023-12-24 07:53:00,-1.65,94.02,1.91,128,0.0,0.0,0.0,12.71
2023-12-24 07:54:00,-1.65,94.0,1.53,128,0.0,0.0,0.0,12.71
2023-12-24 07:55:00,-1.66,93.98,1.53,128,0.0,0.0,0.0,12.71
2023-12-24 07:56:00,-1.68,93.97,1.91,128,0.0,0.0,0.0,12.71
2023-12-24 07:57:00,-1.66,93.94,2.29,128,0.0,0.0,0.0,12.71
2023-12-24 07:58:00,-1.68,93.94,1.91,128,0.0,0.0,0.0,12.71
2023-12-24 07:59:00,-1.66,93.92,2.29,128,0.0,0.0,0.0,12.71
2023-12-24 08:00:00,-1.69,93.93,2.67,128,0.0,0.0,0.0,12.71
2023-12-24 08:01:00,-1.69,93.93,2.67,128,0.0,0.0,0.0,12.71
2023-12-24 08:02:00,-1.66,93.89,2.67,128,0.0,0.0,0.0,12.71
2023-12-24 08:03:00,-1.66,93.93,2.29,128,0.0,0.0,0.0,12.71
2023-12-24 08:04:00,-1.68,93.92,2.67,128,0.0,0.0,0.0,12.71
2023-12-24 08:05:00,-1.65,93.95,3.05,128,0.0,0.0,0.0,12.71
2023-12-24 08:06:00,-1.66,93.95,3.05,128,0.0,0.0,0.0,12.71
2023-12-24 08:07:00,-1.62,93.97,3.81,128,0.0,0.0,0.0,12.71
2023-12-24 08:08:00,-1.62,93.99,4.2,128,0.0,0.0,0.0,12.71
2023-12-24 08:09:00,-1.59,94.04,4.58,128,0.0,0.0,0.0,12.71
2023-12-24 08:10:00,-1.59,94.06,5.34,128,0.0,0.0,0.0,12.71
2023-12-24 08:11:00,-1.56,94.07,6.1,128,0.0,0.0,0.0,12.71
2023-12-24 08:12:00,-1.54,94.07,6.49,128,0.0,0.0,0.0,12.71
2023-12-24 08:13:00,-1.54,94.05,6.87,181,0.0,0.0,0.0,12.71
2023-12-24 08:14:00,-1.49,94.06,7.63,176,0.015,0.0,0.9,12.71
2023-12-24 08:15:00,-1.51,94.05,8.39,175,0.0,0.0,0.0,12.71
2023-12-24 08:16:00,-1.47,94.06,8.77,175,0.0,0.0,0.0,12.71
2023-12-24 08:17:00,-1.42,94.0,8.39,175,0.0,0.0,0.0,12.71
2023-12-24 08:18:00,-1.44,93.99,8.77,175,0.0,0.0,0.0,12.71
2023-12-24 08:19:00,-1.38,93.96,8.77,175,0.0,0.0,0.0,12.71
2023-12-24 08:20:00,-1.38,93.92,9.54,175,0.0,0.0,0.0,12.71
2023-12-24 08:21:00,-1.37,93.85,9.54,173,0.0,0.0,0.0,12.71
2023-12-24 08:22:00,-1.37,93.71,9.54,138,0.015,0.0,0.9,12.71
2023-12-24 08:23:00,-1.32,93.59,9.92,138,0.0,0.0,0.0,12.71
2023-12-24 08:24:00,-1.35,93.56,9.92,138,0.0,0.0,0.0,12.71
2023-12-24 08:25:00,-1.31,93.43,10.3,138,0.0,0.0,0.0,12.71
2023-12-24 08:26:00,-1.31,93.39,10.3,138,0.0,0.0,0.0,12.71
2023-12-24 08:27:00,-1.3,93.34,10.68,138,0.0,0.0,0.0,12.71
2023-12-24 08:28:00,-1.27,93.26,10.68,138,0.0,0.0,0.0,12.71
2023-12-24 08:29:00,-1.25,93.21,11.06,138,0.0,0.0,0.0,12.71
2023-12-24 08:30:00,-1.22,93.11,11.44,138,0.0,0.0,0.0,12.71
2023-12-24 08:31:00,-1.22,93.06,12.97,138,0.0,0.0,0.0,12.71
2023-12-24 08:32:00,-1.2,92.96,14.11,138,0.0,0.0,0.0,12.71
2023-12-24 08:33:00,-1.18,92.94,15.64,138,0.0,0.0,0.0,12.71
2023-12-24 08:34:00,-1.15,92.88,16.78,138,0.0,0.0,0.0,12.71
2023-12-24 08:35:00,-1.12,92.83,17.93,138,0.0,0.0,0.0,12.71
2023-12-24 08:36:00,-1.1,92.8,19.46,149,0.015,0.0,0.9,12.71
2023-12-24 08:37:00,-1.07,92.69,20.98,152,0.0,0.0,0.0,12.71
2023-12-24 08:38:00,-1.04,92.63,21.74,134,0.015,0.0,0.9,12.71
2023-12-24 08:39:00,-1.04,92.5,22.51,180,0.03,0.0,0.9,12.71
2023-12-24 08:40:00,-0.98,92.45,23.65,169,0.015,0.0,0.9,12.71
2023-12-24 08:41:00,-1.0,92.4,24.03,176,0.015,0.0,0.9,12.71
2023-12-24 08:42:00,-0.98,92.37,24.8,172,0.0,0.0,0.0,12.71
2023-12-24 08:43:00,-0.97,92.32,25.18,170,0.015,0.0,0.9,12.71
2023-12-24 08:44:00,-0.91,92.21,25.94,91,0.015,0.0,0.9,12.71
2023-12-24 08:45:00,-0.9,92.12,25.94,91,0.0,0.0,0.0,12.71
2023-12-24 08:46:00,-0.89,92.03,26.7,99,0.0,0.0,0.0,12.74
2023-12-24 08:47:00,-0.84,92.01,27.08,99,0.0,0.0,0.0,12.89
2023-12-24 08:48:00,-0.81,91.93,27.85,99,0.0,0.0,0.0,12.89
2023-12-24 08:49:00,-0.79,91.88,28.61,100,0.0,0.0,0.0,12.89
2023-12-24 08:50:00,-0.74,91.76,29.37,100,0.0,0.0,0.0,12.89
2023-12-24 08:51:00,-0.73,91.6,30.14,100,0.0,0.0,0.0,12.89
2023-12-24 08:52:00,-0.68,91.47,30.9,117,0.0,0.0,0.0,12.89
2023-12-24 08:53:00,-0.63,91.25,31.66,158,0.0,0.0,0.0,12.89
2023-12-24 08:54:00,-0.63,90.98,32.81,158,0.0,0.0,0.0,12.89
2023-12-24 08:55:00,-0.6,90.86,34.33,158,0.0,0.0,0.0,12.89
2023-12-24 08:56:00,-0.56,90.75,36.24,158,0.0,0.0,0.0,12.89
2023-12-24 08:57:00,-0.52,90.57,37.38,158,0.0,0.0,0.0,12.89
2023-12-24 08:58:00,-0.48,90.32,38.91,158,0.0,0.0,0.0,12.89
2023-12-24 08:59:00,-0.46,89.97,41.2,158,0.0,0.0,0.0,12.89
2023-12-24 09:00:00,-0.43,89.7,43.11,158,0.0,0.0,0.0,12.89
2023-12-24 09:01:00,-0.4,89.54,45.4,158,0.0,0.0,0.0,12.89
2023-12-24 09:02:00,-0.35,89.44,47.3,158,0.0,0.0,0.0,12.89
2023-12-24 09:03:00,-0.26,89.49,48.83,158,0.0,0.0,0.0,12.89
2023-12-24 09:04:00,-0.14,89.48,50.74,158,0.0,0.0,0.0,12.89
2023-12-24 09:05:00,-0.09,88.94,52.64,158,0.0,0.0,0.0,12.89
2023-12-24 09:06:00,-0.01,88.56,55.31,158,0.0,0.0,0.0,12.89
2023-12-24 09:07:00,0.05,88.15,55.7,158,0.0,0.0,0.0,12.89
2023-12-24 09:08:00,0.09,87.61,56.84,158,0.0,0.0,0.0,12.93
2023-12-24 09:09:00,0.16,87.4,57.6,157,0.0,0.0,0.0,12.93
2023-12-24 09:10:00,0.23,87.36,58.37,157,0.0,0.0,0.0,12.93
2023-12-24 09:11:00,0.29,86.91,59.89,142,0.015,0.0,0.9,12.93
2023-12-24 09:12:00,0.34,86.57,61.04,139,0.0,0.0,0.0,12.97
2023-12-24 09:13:00,0.36,86.57,62.18,139,0.0,0.0,0.0,13.01
2023-12-24 09:14:00,0.44,86.36,69.05,139,0.0,0.0,0.0,13.04
2023-12-24 09:15:00,0.51,86.23,72.1,139,0.0,0.0,0.0,13.04
2023-12-24 09:16:00,0.61,86.33,75.91,139,0.0,0.0,0.0,13.04
2023-12-24 09:17:00,0.71,85.69,79.73,139,0.0,0.0,0.0,13.08
2023-12-24 09:18:00,0.8,85.09,81.64,139,0.0,0.0,0.0,13.08
2023-12-24 09:19:00,0.8,84.32,83.54,139,0.0,0.0,0.0,13.12
2023-12-24 09:20:00,0.82,84.17,84.31,139,0.0,0.0,0.0,13.16
2023-12-24 09:21:00,0.91,84.45,81.64,139,0.0,0.0,0.0,13.16
2023-12-24 09:22:00,1.01,84.23,77.44,139,0.0,0.0,0.0,13.16
2023-12-24 09:23:00,1.08,83.91,73.24,139,0.0,0.0,0.0,13.16
2023-12-24 09:24:00,1.03,83.22,69.05,139,0.0,0.0,0.0,13.16
2023-12-24 09:25:00,1.02,82.93,68.28,139,0.0,0.0,0.0,13.16
2023-12-24 09:26:00,0.99,82.89,71.34,139,0.0,0.0,0.0,13.16
2023-12-24 09:27:00,0.95,83.09,69.81,146,0.045,0.0,0.9,13.16
2023-12-24 09:28:00,0.92,83.06,59.51,146,0.0,0.0,0.0,13.16
2023-12-24 09:29:00,0.89,83.15,56.46,146,0.015,0.0,0.9,13.16
2023-12-24 09:30:00,0.84,83.47,57.6,146,0.0,0.0,0.0,13.16
2023-12-24 09:31:00,0.84,83.79,51.5,146,0.0,0.0,0.0,13.16
2023-12-24 09:32:00,0.78,83.74,50.74,146,0.0,0.0,0.0,13.16
2023-12-24 09:33:00,0.75,83.64,50.74,146,0.0,0.0,0.0,13.16
2023-12-24 09:34:00,0.72,83.84,50.74,146,0.0,0.0,0.0,13.16
2023-12-24 09:35:00,0.72,84.06,51.5,146,0.015,0.0,0.9,13.16
2023-12-24 09:36:00,0.7,83.98,54.17,146,0.0,0.0,0.0,13.16
2023-12-24 09:37:00,0.67,84.16,56.84,152,0.0,0.0,0.0,13.16
2023-12-24 09:38:00,0.67,84.33,59.13,151,0.0,0.0,0.0,13.16
2023-12-24 09:39:00,0.67,84.13,57.98,152,0.0,0.0,0.0,13.16
2023-12-24 09:40:00,0.64,84.28,54.93,152,0.0,0.0,0.0,13.16
2023-12-24 09:41:00,0.63,84.35,52.26,152,0.0,0.0,0.0,13.16
2023-12-24 09:42:00,0.59,84.35,52.26,153,0.0,0.0,0.0,13.16
2023-12-24 09:43:00,0.56,84.37,53.79,159,0.015,0.0,0.9,13.16
2023-12-24 09:44:00,0.49,84.48,56.08,180,0.03,0.0,0.9,13.16
2023-12-24 09:45:00,0.43,84.87,57.6,182,0.0,0.0,0.0,13.16
2023-12-24 09:46:00,0.44,85.09,57.6,182,0.0,0.0,0.0,13.16
2023-12-24 09:47:00,0.44,85.03,57.98,183,0.015,0.0,0.9,13.16
2023-12-24 09:48:00,0.47,85.15,61.04,183,0.0,0.0,0.0,13.16
2023-12-24 09:49:00,0.44,85.09,66.76,183,0.0,0.0,0.0,13.16
2023-12-24 09:50:00,0.47,85.18,72.86,180,0.0,0.0,0.0,13.16
2023-12-24 09:51:00,0.53,85.11,80.11,233,0.045,0.0,0.9,13.16
2023-12-24 09:52:00,0.54,85.24,89.65,233,0.015,0.0,0.9,13.16
2023-12-24 09:53:00,0.63,85.15,101.47,229,0.015,0.0,0.9,13.16
2023-12-24 09:54:00,0.7,85.04,159.46,229,0.0,0.0,0.0,13.16
2023-12-24 09:55:00,0.87,84.85,179.29,227,0.0,0.0,0.0,13.46
2023-12-24 09:56:00,1.02,84.17,122.84,239,0.045,0.0,0.9,13.46
2023-12-24 09:57:00,1.08,83.49,128.94,93,0.03,0.0,0.9,13.53
2023-12-24 09:58:00,1.15,83.08,127.79,93,0.015,0.0,0.9,13.61
2023-12-24 09:59:00,1.18,82.7,120.16,201,0.06,0.0,0.9,13.61
2023-12-24 10:00:00,1.16,82.53,115.97,237,0.045,0.0,0.9,13.61
2023-12-24 10:01:00,1.15,82.46,119.02,165,0.075,0.0,0.9,13.64
2023-12-24 10:02:00,1.15,82.68,129.7,181,0.015,0.0,0.9,13.64
2023-12-24 10:03:00,1.16,82.79,135.81,181,0.0,0.0,0.0,13.64
2023-12-24 10:04:00,1.25,82.82,138.09,181,0.0,0.0,0.0,13.79
2023-12-24 10:05:00,1.31,82.74,141.15,181,0.0,0.0,0.0,13.79
2023-12-24 10:06:00,1.36,82.52,146.11,181,0.0,0.0,0.0,13.79
2023-12-24 10:07:00,1.39,81.97,153.73,212,0.015,0.0,0.9,13.79
2023-12-24 10:08:00,1.42,81.89,162.89,223,0.0,0.0,0.0,13.79
2023-12-24 10:09:00,1.4,81.47,182.35,282,0.06,0.0,0.9,13.79
2023-12-24 10:10:00,1.42,81.69,205.23,149,0.0,0.0,0.0,13.79
2023-12-24 10:11:00,1.49,81.82,212.48,170,0.0,0.0,0.0,13.91
2023-12-24 10:12:00,1.54,81.68,232.7,170,0.0,0.0,0.0,14.09
2023-12-24 10:13:00,1.67,81.62,210.96,169,0.0,0.0,0.0,14.09
2023-12-24 10:14:00,1.81,81.21,224.31,213,0.0,0.0,0.0,14.09
2023-12-24 10:15:00,1.88,80.77,218.59,231,0.03,0.0,0.9,14.13
2023-12-24 10:16:00,1.97,80.53,201.04,231,0.0,0.0,0.0,14.13
2023-12-24 10:17:00,2.03,80.08,190.36,231,0.0,0.0,0.0,14.17
2023-12-24 10:18:00,2.08,80.01,173.57,225,0.0,0.0,0.0,14.17
2023-12-24 10:19:00,2.03,79.08,155.64,230,0.105,0.0,0.9,14.17
2023-12-24 10:20:00,1.93,79.2,138.09,227,0.015,0.0,0.9,14.13
2023-12-24 10:21:00,1.75,79.46,126.65,30,0.12,0.0,0.9,14.13
2023-12-24 10:22:00,1.67,80.0,126.27,35,0.0,0.0,0.0,14.13
2023-12-24 10:23:00,1.6,80.34,132.75,110,0.0,0.0,0.0,14.13
2023-12-24 10:24:00,1.56,80.69,135.42,115,0.0,0.0,0.0,14.13
2023-12-24 10:25:00,1.47,80.81,142.67,121,0.03,0.0,0.9,14.13
2023-12-24 10:26:00,1.46,81.27,146.49,124,0.0,0.0,0.0,14.13
2023-12-24 10:27:00,1.43,81.31,150.68,126,0.015,0.0,0.9,14.13
2023-12-24 10:28:00,1.4,81.4,159.08,126,0.0,0.0,0.0,14.13
2023-12-24 10:29:00,1.45,81.61,166.7,126,0.0,0.0,0.0,14.17
2023-12-24 10:30:00,1.47,81.5,173.57,238,0.03,0.0,0.9,14.24
2023-12-24 10:31:00,1.47,81.73,180.06,238,0.0,0.0,0.0,14.24
2023-12-24 10:32:00,1.53,81.58,185.02,223,0.03,0.0,0.9,14.28
2023-12-24 10:33:00,1.54,81.33,185.78,225,0.0,0.0,0.0,14.32
2023-12-24 10:34:00,1.47,81.25,191.5,272,0.03,0.0,0.9,14.36
2023-12-24 10:35:00,1.5,81.49,205.23,272,0.0,0.0,0.0,14.43
2023-12-24 10:36:00,1.54,81.81,226.6,272,0.0,0.0,0.0,14.62
2023-12-24 10:37:00,1.66,81.61,251.01,295,0.03,0.0,0.9,14.66
2023-12-24 10:38:00,1.7,81.23,297.55,295,0.0,0.0,0.0,14.66
2023-12-24 10:39:00,1.9,81.46,371.94,295,0.0,0.0,0.0,14.66
2023-12-24 10:40:00,2.14,80.59,340.28,293,0.015,0.0,0.9,14.66
2023-12-24 10:41:00,2.25,79.28,272.37,279,0.015,0.0,0.9,14.66
2023-12-24 10:42:00,2.24,78.8,249.49,240,0.075,0.254,0.9,14.66
2023-12-24 10:43:00,2.25,78.93,266.65,240,0.0,0.0,0.0,14.66
2023-12-24 10:44:00,2.26,79.23,238.04,240,0.0,0.0,0.0,14.66
2023-12-24 10:45:00,2.32,79.09,225.83,240,0.015,0.0,0.9,14.66
2023-12-24 10:46:00,2.34,79.02,217.44,186,0.015,0.0,0.9,14.66
2023-12-24 10:47:00,2.29,78.58,263.98,162,0.105,0.0,0.9,14.66
2023-12-24 10:48:00,2.31,78.53,331.88,198,0.03,0.0,0.9,14.66
2023-12-24 10:49:00,2.39,78.52,291.45,213,0.015,0.0,0.9,14.66
2023-12-24 10:50:00,2.45,78.3,371.94,237,0.0,0.254,0.0,14.66
2023-12-24 10:51:00,2.57,78.47,373.85,236,0.0,0.0,0.0,14.66
2023-12-24 10:52:00,2.77,77.58,401.69,236,0.0,0.0,0.0,14.66
2023-12-24 10:53:00,2.93,76.89,418.48,236,0.0,0.0,0.0,14.66
2023-12-24 10:54:00,3.11,76.74,413.52,236,0.0,0.0,0.0,14.66
2023-12-24 10:55:00,3.25,75.56,417.72,129,0.075,0.0,0.9,14.66
2023-12-24 10:56:00,3.27,75.27,426.49,232,0.06,0.0,0.9,14.66
2023-12-24 10:57:00,3.34,75.16,443.66,195,0.0,0.254,0.0,14.66
2023-12-24 10:58:00,3.52,75.08,459.68,195,0.0,0.0,0.0,14.66
2023-12-24 10:59:00,3.75,74.19,476.84,195,0.0,0.0,0.0,14.66
2023-12-24 11:00:00,3.88,72.89,489.43,168,0.03,0.0,0.9,14.66
2023-12-24 11:01:00,3.97,72.97,410.09,169,0.0,0.0,0.0,14.66
2023-12-24 11:02:00,4.03,71.62,204.09,169,0.0,0.0,0.0,14.66
2023-12-24 11:03:00,3.95,71.36,184.63,110,0.045,0.0,0.9,14.66
2023-12-24 11:04:00,3.76,71.61,359.73,109,0.0,0.0,0.0,14.66
2023-12-24 11:05:00,3.66,72.53,199.51,109,0.0,0.254,0.0,14.66
2023-12-24 11:06:00,3.62,72.58,452.43,109,0.015,0.0,0.9,14.66
2023-12-24 11:07:00,3.65,72.16,458.15,121,0.045,0.0,0.9,14.66
2023-12-24 11:08:00,3.71,71.82,451.29,123,0.0,0.0,0.0,14.66
2023-12-24 11:09:00,3.9,71.66,461.2,123,0.0,0.0,0.0,14.66
2023-12-24 11:10:00,4.07,70.8,473.03,183,0.03,0.0,0.9,14.66
2023-12-24 11:11:00,4.13,70.75,431.07,182,0.0,0.0,0.0,14.66
2023-12-24 11:12:00,4.23,70.56,377.28,184,0.0,0.0,0.0,14.66
2023-12-24 11:13:00,4.26,70.26,302.89,184,0.0,0.0,0.0,14.66
2023-12-24 11:14:00,4.16,70.0,440.6,183,0.015,0.0,0.9,14.66
2023-12-24 11:15:00,4.16,70.41,449.0,139,0.045,0.254,0.9,14.66
2023-12-24 11:16:00,4.09,70.32,449.38,137,0.09,0.0,0.9,14.66
2023-12-24 11:17:00,4.06,70.3,449.76,221,0.015,0.0,0.9,14.66
2023-12-24 11:18:00,4.12,69.87,466.54,152,0.075,0.0,0.9,14.66
2023-12-24 11:19:00,4.16,69.74,468.45,230,0.06,0.0,0.9,14.66
2023-12-24 11:20:00,4.18,70.16,471.89,306,0.105,0.0,0.9,14.66
2023-12-24 11:21:00,4.07,69.16,479.51,199,0.42,0.0,0.9,14.66
2023-12-24 11:22:00,4.06,69.93,482.19,199,0.0,0.0,0.0,14.66
2023-12-24 11:23:00,4.07,69.66,484.47,152,0.135,0.0,0.9,14.66
2023-12-24 11:24:00,4.05,69.37,480.28,175,0.075,0.0,0.9,14.66
2023-12-24 11:25:00,3.99,69.0,469.6,176,0.09,0.0,0.9,14.66
2023-12-24 11:26:00,3.92,69.25,423.44,165,0.315,0.254,0.9,14.66
2023-12-24 11:27:00,3.86,69.92,359.73,159,0.03,0.0,0.9,14.66
2023-12-24 11:28:00,3.88,70.47,434.5,155,0.015,0.0,0.9,14.66
2023-12-24 11:29:00,3.96,70.64,463.49,155,0.0,0.0,0.0,14.66
2023-12-24 11:30:00,4.07,70.07,474.94,155,0.015,0.0,0.9,14.66
2023-12-24 11:31:00,4.17,69.47,489.81,156,0.015,0.0,0.9,14.66
2023-12-24 11:32:00,4.24,69.69,488.67,155,0.015,0.0,0.9,14.66
2023-12-24 11:33:00,4.21,69.0,485.24,140,0.435,0.0,0.9,14.66
2023-12-24 11:34:00,4.2,69.05,490.58,158,0.03,0.0,0.9,14.66
2023-12-24 11:35:00,4.26,69.21,492.87,158,0.015,0.0,0.9,14.66
2023-12-24 11:36:00,4.23,68.71,490.96,159,0.015,0.0,0.9,14.66
2023-12-24 11:37:00,4.27,68.83,497.83,160,0.015,0.0,0.9,14.66
2023-12-24 11:38:00,4.32,67.77,503.93,259,0.09,0.0,0.9,14.66
2023-12-24 11:39:00,4.3,67.89,506.6,239,0.015,0.0,0.9,14.66
2023-12-24 11:40:00,4.29,67.24,498.97,238,0.0,0.254,0.0,14.66
2023-12-24 11:41:00,4.27,67.41,483.71,137,0.075,0.0,0.9,14.66
2023-12-24 11:42:00,4.24,67.1,506.6,155,0.105,0.0,0.9,14.66
2023-12-24 11:43:00,4.21,67.03,511.94,217,0.075,0.0,0.9,14.66
2023-12-24 11:44:00,4.24,67.23,503.17,225,0.06,0.0,0.9,14.66
2023-12-24 11:45:00,4.18,66.54,482.95,258,0.255,0.0,0.9,14.66
2023-12-24 11:46:00,4.1,67.37,498.59,258,0.0,0.0,0.0,14.66
2023-12-24 11:47:00,4.2,67.82,495.54,255,0.045,0.0,0.9,14.66
2023-12-24 11:48:00,4.26,67.74,496.3,243,0.075,0.0,0.9,14.66
2023-12-24 11:49:00,4.34,67.64,506.6,238,0.015,0.0,0.9,14.66
2023-12-24 11:50:00,4.37,67.43,506.98,22,0.105,0.0,0.9,14.66
2023-12-24 11:51:00,4.41,67.08,511.56,24,0.0,0.0,0.0,14.66
2023-12-24 11:52:00,4.51,66.06,506.22,18,0.015,0.0,0.9,14.66
2023-12-24 11:53:00,4.6,65.26,505.07,341,0.03,0.0,0.9,14.66
2023-12-24 11:54:00,4.71,64.62,507.74,341,0.0,0.0,0.0,14.66
2023-12-24 11:55:00,4.79,64.43,514.61,341,0.0,0.0,0.0,14.66
2023-12-24 11:56:00,4.82,64.93,514.61,250,0.225,0.0,0.9,14.66
2023-12-24 11:57:00,4.82,64.79,503.93,247,0.0,0.0,0.0,14.66
2023-12-24 11:58:00,4.85,65.02,503.55,245,0.0,0.0,0.0,14.66
2023-12-24 11:59:00,4.94,64.9,505.84,247,0.0,0.0,0.0,14.66
2023-12-24 12:00:00,4.99,64.48,506.22,248,0.0,0.0,0.0,14.66
2023-12-24 12:01:00,5.11,64.88,506.98,248,0.0,0.0,0.0,14.62
2023-12-24 12:02:00,5.23,64.2,506.98,140,0.045,0.0,0.9,14.66
2023-12-24 12:03:00,5.32,61.82,503.93,121,0.105,0.0,0.9,14.62
2023-12-24 12:04:00,5.3,60.9,511.94,45,0.15,0.0,0.9,14.66
2023-12-24 12:05:00,5.19,58.6,517.28,139,0.075,0.0,0.9,14.62
2023-12-24 12:06:00,5.12,59.13,515.37,211,0.045,0.0,0.9,14.62
2023-12-24 12:07:00,5.18,60.06,515.37,194,0.03,0.0,0.9,14.62
2023-12-24 12:08:00,5.27,60.8,518.43,181,0.06,0.0,0.9,14.62
2023-12-24 12:09:00,5.43,61.03,513.08,181,0.0,0.0,0.0,14.62
2023-12-24 12:10:00,5.47,58.27,508.89,126,0.075,0.0,0.9,14.62
2023-12-24 12:11:00,5.45,58.27,508.13,240,0.045,0.0,0.9,14.62
2023-12-24 12:12:00,5.43,59.49,505.84,179,0.0,0.0,0.0,14.62
2023-12-24 12:13:00,5.45,58.38,508.51,266,0.15,0.0,0.9,14.62
2023-12-24 12:14:00,5.49,59.64,513.85,242,0.015,0.0,0.9,14.62
2023-12-24 12:15:00,5.51,59.42,516.14,155,0.12,0.0,0.9,14.62
2023-12-24 12:16:00,5.39,57.45,518.43,149,0.195,0.0,0.9,14.62
2023-12-24 12:17:00,5.36,57.98,515.75,149,0.0,0.0,0.0,14.62
2023-12-24 12:18:00,5.43,57.04,515.75,239,0.12,0.0,0.9,14.62
2023-12-24 12:19:00,5.49,57.12,511.18,83,0.225,0.0,0.9,14.62
2023-12-24 12:20:00,5.53,56.84,511.56,153,0.06,0.0,0.9,14.62
2023-12-24 12:21:00,5.53,57.97,518.04,153,0.015,0.0,0.9,14.62
2023-12-24 12:22:00,5.58,56.44,523.38,153,0.015,0.0,0.9,14.62
2023-12-24 12:23:00,5.61,55.26,517.66,153,0.0,0.0,0.0,14.62
2023-12-24 12:24:00,5.7,56.06,519.19,313,0.03,0.0,0.9,14.62
2023-12-24 12:25:00,5.75,55.24,518.04,323,0.36,0.0,0.9,14.62
2023-12-24 12:26:00,5.63,55.43,502.4,350,0.36,0.0,1.8,14.62
2023-12-24 12:27:00,5.61,56.39,515.37,132,0.3,0.0,0.9,14.62
2023-12-24 12:28:00,5.57,56.6,519.95,106,0.225,0.0,0.9,14.62
2023-12-24 12:29:00,5.45,56.4,501.26,81,0.525,0.0,0.9,14.62
2023-12-24 12:30:00,5.4,56.8,505.84,130,0.15,0.0,0.9,14.62
2023-12-24 12:31:00,5.5,57.08,527.96,85,0.03,0.0,0.9,14.62
2023-12-24 12:32:00,5.6,56.72,525.67,33,0.03,0.0,0.9,14.51
2023-12-24 12:33:00,5.74,56.76,523.77,33,0.0,0.0,0.0,14.62
2023-12-24 12:34:00,5.91,56.36,525.29,26,0.0,0.0,0.0,14.51
2023-12-24 12:35:00,6.01,55.47,534.83,209,0.03,0.0,0.9,14.62
2023-12-24 12:36:00,6.16,56.46,547.04,209,0.0,0.0,0.0,14.51
2023-12-24 12:37:00,6.43,57.18,556.19,209,0.0,0.0,0.0,14.51
2023-12-24 12:38:00,6.5,54.72,274.28,224,0.075,0.0,0.9,14.51
2023-12-24 12:39:00,6.38,55.12,270.08,223,0.015,0.0,0.9,14.51
2023-12-24 12:40:00,6.25,54.89,420.0,276,0.09,0.0,0.9,14.51
2023-12-24 12:41:00,6.14,54.54,404.75,307,0.345,0.0,1.8,14.51
2023-12-24 12:42:00,5.88,54.91,352.1,314,0.705,0.0,1.8,14.51
2023-12-24 12:43:00,5.6,56.13,506.6,78,0.39,0.0,1.8,14.51
2023-12-24 12:44:00,5.46,57.42,312.43,245,0.465,0.0,1.8,14.51
2023-12-24 12:45:00,5.26,58.42,483.33,217,0.045,0.0,0.9,14.51
2023-12-24 12:46:00,5.2,58.57,296.03,183,0.18,0.0,0.9,14.51
2023-12-24 12:47:00,5.19,58.84,263.98,287,0.03,0.0,0.9,14.51
2023-12-24 12:48:00,5.11,59.01,251.77,287,0.0,0.0,0.0,14.51
2023-12-24 12:49:00,5.11,58.31,254.06,280,0.0,0.0,0.0,14.51
2023-12-24 12:50:00,4.98,56.88,253.3,245,0.075,0.0,0.9,14.51
2023-12-24 12:51:00,4.86,57.59,278.1,245,0.0,0.0,0.0,14.51
2023-12-24 12:52:00,4.78,57.59,433.74,232,0.015,0.0,0.9,14.62
2023-12-24 12:53:00,4.89,57.29,334.17,210,0.03,0.0,0.9,14.51
2023-12-24 12:54:00,4.94,55.83,553.14,158,0.12,0.0,0.9,14.62
2023-12-24 12:55:00,5.11,55.76,509.27,167,0.045,0.0,0.9,14.62
2023-12-24 12:56:00,5.36,55.43,525.29,214,0.06,0.0,0.9,14.62
2023-12-24 12:57:00,5.51,52.96,541.31,157,0.36,0.0,0.9,14.62
2023-12-24 12:58:00,5.61,53.22,537.88,190,0.105,0.0,0.9,14.62
2023-12-24 12:59:00,5.78,52.33,535.97,80,0.36,0.0,0.9,14.62
2023-12-24 13:00:00,5.83,52.69,548.18,170,0.285,0.0,0.9,14.62
2023-12-24 13:01:00,5.98,52.07,457.39,114,0.12,0.0,0.9,14.51
2023-12-24 13:02:00,6.19,52.19,563.06,107,0.0,0.0,0.0,14.51
2023-12-24 13:03:00,6.47,50.89,603.49,107,0.0,0.0,0.0,14.51
2023-12-24 13:04:00,6.8,49.67,563.82,115,0.0,0.0,0.0,14.51
2023-12-24 13:05:00,6.9,48.34,527.2,252,0.435,0.0,1.8,14.51
2023-12-24 13:06:00,6.72,47.81,510.03,92,0.705,0.0,1.8,14.51
2023-12-24 13:07:00,6.45,48.97,359.73,97,0.585,0.0,1.8,14.51
2023-12-24 13:08:00,6.22,49.85,546.65,146,0.3,0.0,0.9,14.51
2023-12-24 13:09:00,6.18,50.1,434.5,80,0.09,0.0,0.9,14.51
2023-12-24 13:10:00,6.09,50.35,501.26,196,0.27,0.0,0.9,14.51
2023-12-24 13:11:00,6.16,50.57,593.19,286,0.18,0.0,1.8,14.51
2023-12-24 13:12:00,6.28,49.92,284.2,221,0.315,0.0,0.9,14.51
2023-12-24 13:13:00,6.11,49.99,246.05,155,0.255,0.0,0.9,14.51
2023-12-24 13:14:00,5.84,51.05,220.87,126,0.12,0.0,0.9,14.51
2023-12-24 13:15:00,5.66,51.83,249.1,155,0.045,0.0,0.9,14.51
2023-12-24 13:16:00,5.46,51.9,214.77,145,0.225,0.0,0.9,14.51
2023-12-24 13:17:00,5.16,51.96,330.74,217,0.72,0.0,1.8,14.51
2023-12-24 13:18:00,4.98,51.86,247.96,178,0.93,0.0,1.8,14.51
2023-12-24 13:19:00,4.78,52.24,272.37,196,0.255,0.0,0.9,14.51
2023-12-24 13:20:00,4.71,53.47,598.92,58,0.24,0.0,0.9,14.62
2023-12-24 13:21:00,4.92,53.7,579.46,81,0.165,0.0,0.9,14.62
2023-12-24 13:22:00,5.19,52.89,485.24,180,0.105,0.0,0.9,14.62
2023-12-24 13:23:00,5.27,52.52,313.19,264,0.255,0.0,0.9,14.51
2023-12-24 13:24:00,5.25,52.75,236.13,194,0.435,0.0,1.8,14.51
2023-12-24 13:25:00,5.16,53.16,479.51,312,0.36,0.0,1.8,14.62
2023-12-24 13:26:00,5.22,53.28,402.46,254,1.065,0.0,1.8,14.62
2023-12-24 13:27:00,5.2,53.84,244.91,247,0.735,0.0,1.8,14.51
2023-12-24 13:28:00,5.04,54.03,194.55,222,0.585,0.0,1.8,14.51
2023-12-24 13:29:00,4.72,54.46,171.28,178,0.255,0.0,1.8,14.51
2023-12-24 13:30:00,4.57,55.78,165.94,171,0.015,0.0,0.9,14.51
2023-12-24 13:31:00,4.47,56.53,172.05,137,0.15,0.0,0.9,14.51
2023-12-24 13:32:00,4.4,57.09,450.52,310,0.21,0.0,0.9,14.62
2023-12-24 13:33:00,4.51,56.2,201.42,28,0.75,0.0,1.8,14.51
2023-12-24 13:34:00,4.53,56.03,215.92,279,0.3,0.0,1.8,14.51
2023-12-24 13:35:00,4.41,55.96,172.43,265,0.51,0.0,0.9,14.51
2023-12-24 13:36:00,4.21,56.11,224.31,219,0.51,0.0,0.9,14.51
2023-12-24 13:37:00,4.05,56.42,286.87,201,0.345,0.0,0.9,14.62
2023-12-24 13:38:00,4.12,57.41,363.55,184,0.075,0.0,0.9,14.62
2023-12-24 13:39:00,4.14,56.5,137.33,168,0.33,0.0,0.9,14.51
2023-12-24 13:40:00,4.06,56.74,123.22,206,0.195,0.0,0.9,14.51
2023-12-24 13:41:00,3.9,57.29,113.68,61,0.63,0.0,1.8,14.51
2023-12-24 13:42:00,3.74,58.5,101.85,287,0.48,0.0,0.9,14.51
2023-12-24 13:43:00,3.62,59.58,91.94,237,0.075,0.0,0.9,14.51
2023-12-24 13:44:00,3.54,60.6,83.16,164,0.27,0.0,0.9,14.43
2023-12-24 13:45:00,3.35,61.5,75.91,261,0.375,0.0,0.9,14.36
2023-12-24 13:46:00,3.23,62.22,70.19,216,0.18,0.0,0.9,14.36
2023-12-24 13:47:00,3.08,63.06,64.47,200,0.255,0.0,1.8,14.32
2023-12-24 13:48:00,2.99,64.11,59.13,173,0.39,0.0,0.9,14.28
2023-12-24 13:49:00,2.89,64.85,54.17,230,0.495,0.0,1.8,14.24
2023-12-24 13:50:00,2.79,65.79,51.12,296,0.66,0.0,1.8,14.24
2023-12-24 13:51:00,2.71,67.32,48.83,160,0.09,0.0,0.9,14.13
2023-12-24 13:52:00,2.65,68.45,48.83,190,0.465,0.0,1.8,14.13
2023-12-24 13:53:00,2.56,69.51,48.83,162,0.255,0.0,0.9,14.09
2023-12-24 13:54:00,2.49,70.5,48.83,178,0.48,0.0,0.9,14.09
2023-12-24 13:55:00,2.38,71.32,49.97,171,0.21,0.0,0.9,14.09
2023-12-24 13:56:00,2.32,71.86,52.26,179,0.15,0.0,0.9,14.09
2023-12-24 13:57:00,2.26,72.29,56.84,292,0.165,0.0,0.9,14.09
2023-12-24 13:58:00,2.25,72.5,65.61,0,0.45,0.0,1.8,14.09
2023-12-24 13:59:00,2.24,71.97,77.82,295,0.615,0.0,1.8,14.09
2023-12-24 14:00:00,2.24,71.85,101.85,195,0.33,0.0,0.9,14.28
2023-12-24 14:01:00,2.26,72.25,154.5,192,0.12,0.0,0.9,14.62
2023-12-24 14:02:00,2.39,71.78,188.45,281,0.165,0.0,0.9,14.66
2023-12-24 14:03:00,2.52,71.33,206.76,238,0.075,0.0,0.9,14.66
2023-12-24 14:04:00,2.62,70.52,170.9,219,0.015,0.0,0.9,14.66
2023-12-24 14:05:00,2.69,69.91,221.26,219,0.015,0.0,0.9,14.66
2023-12-24 14:06:00,2.79,69.58,232.32,192,0.045,0.0,0.9,14.66
2023-12-24 14:07:00,2.92,69.58,254.06,184,0.09,0.0,0.9,14.66
2023-12-24 14:08:00,3.03,69.72,252.16,185,0.075,0.0,0.9,14.66
2023-12-24 14:09:00,3.13,69.72,341.8,174,0.045,0.0,0.9,14.66
2023-12-24 14:10:00,3.36,69.23,217.44,249,0.135,0.0,0.9,14.66
2023-12-24 14:11:00,3.42,68.93,144.58,211,0.525,0.0,1.8,14.66
2023-12-24 14:12:00,3.36,68.86,339.51,150,0.405,0.0,1.8,14.66
2023-12-24 14:13:00,3.48,69.48,330.36,150,0.015,0.0,0.9,14.66
2023-12-24 14:14:00,3.66,68.34,341.8,308,0.375,0.0,0.9,14.66
2023-12-24 14:15:00,3.86,66.45,347.91,187,0.06,0.0,0.9,14.66
2023-12-24 14:16:00,4.07,66.27,334.94,211,0.045,0.0,0.9,14.66
2023-12-24 14:17:00,4.2,65.68,331.12,263,0.285,0.0,0.9,14.66
2023-12-24 14:18:00,4.32,65.67,340.28,199,0.09,0.0,0.9,14.66
2023-12-24 14:19:00,4.45,65.15,335.7,220,0.36,0.0,0.9,14.66
2023-12-24 14:20:00,4.5,63.79,333.41,198,0.045,0.0,0.9,14.66
2023-12-24 14:21:00,4.5,62.34,323.49,197,0.15,0.0,0.9,14.66
2023-12-24 14:22:00,4.51,61.4,337.22,201,0.075,0.0,0.9,14.66
2023-12-24 14:23:00,4.54,61.35,341.04,193,0.06,0.0,0.9,14.66
2023-12-24 14:24:00,4.54,59.94,308.23,185,0.225,0.0,0.9,14.66
2023-12-24 14:25:00,4.51,60.28,270.85,178,0.045,0.0,0.9,14.66
2023-12-24 14:26:00,4.55,60.97,261.31,260,0.09,0.0,0.9,14.66
2023-12-24 14:27:00,4.48,60.7,299.46,172,0.21,0.0,0.9,14.66
2023-12-24 14:28:00,4.4,61.39,291.45,189,0.285,0.0,1.8,14.66
2023-12-24 14:29:00,4.5,61.95,320.06,189,0.045,0.0,0.9,14.66
2023-12-24 14:30:00,4.63,61.7,281.15,256,0.225,0.0,0.9,14.66
2023-12-24 14:31:00,4.67,62.01,138.86,293,0.06,0.0,0.9,14.62
2023-12-24 14:32:00,4.6,62.31,247.2,254,0.165,0.0,0.9,14.62
2023-12-24 14:33:00,4.51,62.85,187.69,246,0.12,0.0,0.9,14.62
2023-12-24 14:34:00,4.39,62.67,170.14,163,0.315,0.0,0.9,14.62
2023-12-24 14:35:00,4.2,63.14,141.15,163,0.06,0.0,0.9,14.62
2023-12-24 14:36:00,3.99,64.08,165.94,168,0.015,0.0,0.9,14.62
2023-12-24 14:37:00,3.86,64.12,182.35,175,0.135,0.0,0.9,14.62
2023-12-24 14:38:00,3.83,64.24,164.8,184,0.03,0.0,0.9,14.62
2023-12-24 14:39:00,3.78,63.72,273.9,158,0.06,0.0,0.9,14.66
2023-12-24 14:40:00,3.69,63.93,161.36,164,0.045,0.0,0.9,14.62
2023-12-24 14:41:00,3.64,64.51,173.95,246,0.09,0.0,0.9,14.62
2023-12-24 14:42:00,3.64,64.35,264.36,274,0.21,0.0,0.9,14.66
2023-12-24 14:43:00,3.71,64.1,303.65,234,0.255,0.0,0.9,14.66
2023-12-24 14:44:00,3.83,64.11,333.79,199,0.105,0.0,0.9,14.66
2023-12-24 14:45:00,3.95,62.32,281.15,163,0.195,0.0,0.9,14.66
2023-12-24 14:46:00,4.05,61.31,209.43,239,0.465,0.0,1.8,14.66
2023-12-24 14:47:00,4.12,61.25,233.84,290,0.105,0.0,0.9,14.66
2023-12-24 14:48:00,4.17,60.8,217.06,226,0.075,0.0,0.9,14.66
2023-12-24 14:49:00,4.16,60.62,213.63,183,0.045,0.0,0.9,14.66
2023-12-24 14:50:00,4.13,60.79,230.03,197,0.135,0.0,0.9,14.66
2023-12-24 14:51:00,4.14,60.59,267.8,183,0.12,0.0,0.9,14.66
2023-12-24 14:52:00,4.14,60.35,289.16,167,0.39,0.0,0.9,14.66
2023-12-24 14:53:00,4.1,60.58,282.67,170,0.285,0.0,0.9,14.66
2023-12-24 14:54:00,4.21,60.43,280.0,241,0.06,0.0,0.9,14.66
2023-12-24 14:55:00,4.24,60.25,284.2,193,0.12,0.0,0.9,14.66
2023-12-24 14:56:00,4.16,60.09,143.05,193,0.285,0.0,0.9,14.62
2023-12-24 14:57:00,3.97,60.58,121.31,191,0.225,0.0,0.9,14.62
2023-12-24 14:58:00,3.74,61.23,108.72,181,0.315,0.0,0.9,14.62
2023-12-24 14:59:00,3.58,62.24,104.14,175,0.09,0.0,0.9,14.51
2023-12-24 15:00:00,3.44,62.85,107.58,204,0.105,0.0,0.9,14.51
2023-12-24 15:01:00,3.32,63.15,249.49,196,0.06,0.0,0.9,14.66
2023-12-24 15:02:00,3.36,63.16,264.36,200,0.315,0.0,0.9,14.66
2023-12-24 15:03:00,3.45,62.41,227.74,170,0.27,0.0,0.9,14.66
2023-12-24 15:04:00,3.5,62.16,122.45,150,0.15,0.0,0.9,14.62
2023-12-24 15:05:00,3.35,62.21,111.77,221,0.495,0.0,1.8,14.62
2023-12-24 15:06:00,3.25,62.72,111.01,155,0.3,0.0,0.9,14.62
2023-12-24 15:07:00,3.07,62.99,109.48,182,0.315,0.0,0.9,14.62
2023-12-24 15:08:00,3.02,63.72,116.35,202,0.24,0.0,0.9,14.62
2023-12-24 15:09:00,2.99,63.92,115.97,231,0.015,0.0,0.9,14.62
2023-12-24 15:10:00,2.97,63.83,120.55,257,0.21,0.0,0.9,14.62
2023-12-24 15:11:00,2.92,64.1,120.16,146,0.24,0.0,1.8,14.62
2023-12-24 15:12:00,2.87,64.1,119.78,186,0.225,0.0,0.9,14.62
2023-12-24 15:13:00,2.84,64.53,123.22,198,0.075,0.0,0.9,14.62
2023-12-24 15:14:00,2.86,63.99,130.08,171,0.27,0.0,0.9,14.66
2023-12-24 15:15:00,2.79,63.36,121.31,185,0.27,0.0,0.9,14.62
2023-12-24 15:16:00,2.79,63.21,116.73,177,0.09,0.0,0.9,14.66
2023-12-24 15:17:00,2.76,63.59,114.82,179,0.12,0.0,0.9,14.62
2023-12-24 15:18:00,2.72,63.45,113.68,179,0.12,0.0,0.9,14.62
2023-12-24 15:19:00,2.63,63.98,106.05,174,0.435,0.0,0.9,14.66
2023-12-24 15:20:00,2.6,64.11,95.37,151,0.285,0.0,0.9,14.62
2023-12-24 15:21:00,2.56,64.27,85.45,232,0.12,0.0,0.9,14.51
2023-12-24 15:22:00,2.55,64.58,83.54,204,0.045,0.0,0.9,14.43
2023-12-24 15:23:00,2.55,64.52,81.25,224,0.015,0.0,0.9,14.43
2023-12-24 15:24:00,2.53,64.55,79.35,221,0.18,0.0,0.9,14.43
2023-12-24 15:25:00,2.51,64.53,79.73,231,0.045,0.0,0.9,14.43
2023-12-24 15:26:00,2.49,64.58,79.35,207,0.09,0.0,0.9,14.43
2023-12-24 15:27:00,2.48,64.41,80.49,287,0.18,0.0,0.9,14.43
2023-12-24 15:28:00,2.48,64.63,82.78,268,0.06,0.0,0.9,14.43
2023-12-24 15:29:00,2.45,65.23,82.78,219,0.135,0.0,0.9,14.43
2023-12-24 15:30:00,2.42,64.85,84.69,246,0.18,0.0,0.9,14.36
2023-12-24 15:31:00,2.41,64.84,87.74,227,0.195,0.0,0.9,14.36
2023-12-24 15:32:00,2.35,64.51,92.32,283,0.72,0.0,1.8,14.36
2023-12-24 15:33:00,2.32,64.46,94.99,195,0.33,0.0,0.9,14.36
2023-12-24 15:34:00,2.29,64.75,90.03,179,0.375,0.0,0.9,14.36
2023-12-24 15:35:00,2.28,64.51,81.64,119,0.09,0.0,0.9,14.36
2023-12-24 15:36:00,2.28,65.04,76.3,123,0.015,0.0,0.9,14.32
2023-12-24 15:37:00,2.28,64.99,72.86,201,0.105,0.0,0.9,14.28
2023-12-24 15:38:00,2.25,64.77,73.62,195,0.015,0.0,0.9,14.24
2023-12-24 15:39:00,2.24,64.94,78.97,195,0.0,0.0,0.0,14.24
2023-12-24 15:40:00,2.21,65.07,88.5,163,0.105,0.0,0.9,14.24
2023-12-24 15:41:00,2.21,64.97,103.76,182,0.105,0.0,0.9,14.28
2023-12-24 15:42:00,2.2,65.24,107.96,256,0.27,0.0,0.9,14.36
2023-12-24 15:43:00,2.21,65.65,109.1,241,0.015,0.0,0.9,14.36
2023-12-24 15:44:00,2.21,65.78,104.14,210,0.03,0.0,0.9,14.36
2023-12-24 15:45:00,2.22,65.89,96.89,221,0.045,0.0,0.9,14.36
2023-12-24 15:46:00,2.22,66.09,92.32,192,0.27,0.0,0.9,14.36
2023-12-24 15:47:00,2.21,66.39,87.74,224,0.03,0.0,0.9,14.36
2023-12-24 15:48:00,2.18,66.76,83.16,227,0.405,0.0,0.9,14.36
2023-12-24 15:49:00,2.14,67.23,82.4,174,0.165,0.0,0.9,14.36
2023-12-24 15:50:00,2.18,67.55,86.59,153,0.03,0.0,0.9,14.36
2023-12-24 15:51:00,2.17,67.77,91.94,157,0.105,0.0,0.9,14.36
2023-12-24 15:52:00,2.18,68.13,95.37,157,0.045,0.0,0.9,14.36
2023-12-24 15:53:00,2.17,68.68,94.99,204,0.21,0.0,0.9,14.36
2023-12-24 15:54:00,2.18,69.06,94.99,201,0.15,0.0,0.9,14.36
2023-12-24 15:55:00,2.2,69.28,98.8,195,0.045,0.0,0.9,14.39
2023-12-24 15:56:00,2.2,69.19,104.52,138,0.255,0.0,0.9,14.51
2023-12-24 15:57:00,2.15,69.0,110.25,149,0.285,0.0,0.9,14.66
2023-12-24 15:58:00,2.15,69.62,111.01,150,0.0,0.0,0.0,14.66
2023-12-24 15:59:00,2.17,69.7,106.43,167,0.045,0.0,0.9,14.66
2023-12-24 16:00:00,2.15,69.73,96.51,185,0.075,0.0,0.9,14.66
2023-12-24 16:01:00,2.18,69.98,85.45,174,0.09,0.0,0.9,14.43
2023-12-24 16:02:00,2.15,69.27,75.53,174,0.03,0.0,0.9,14.36
2023-12-24 16:03:00,2.08,68.99,69.05,177,0.075,0.0,0.9,14.36
2023-12-24 16:04:00,2.07,69.22,65.23,168,0.15,0.0,0.9,14.36
2023-12-24 16:05:00,2.03,69.08,62.18,175,0.12,0.0,0.9,14.36
2023-12-24 16:06:00,1.97,68.9,64.47,160,0.06,0.0,0.9,14.36
2023-12-24 16:07:00,1.96,69.05,66.0,160,0.0,0.0,0.0,14.36
2023-12-24 16:08:00,1.94,69.04,64.85,161,0.045,0.0,0.9,14.36
2023-12-24 16:09:00,1.93,68.99,65.61,162,0.03,0.0,0.9,14.36
2023-12-24 16:10:00,1.94,69.03,67.52,162,0.015,0.0,0.9,14.36
2023-12-24 16:11:00,1.93,69.23,66.76,162,0.0,0.0,0.0,14.36
2023-12-24 16:12:00,1.93,69.03,66.0,162,0.015,0.0,0.9,14.36
2023-12-24 16:13:00,1.9,69.31,64.85,162,0.015,0.0,0.9,14.36
2023-12-24 16:14:00,1.9,69.28,63.71,189,0.0,0.0,0.0,14.36
2023-12-24 16:15:00,1.87,69.14,61.8,189,0.015,0.0,0.9,14.36
2023-12-24 16:16:00,1.87,69.36,63.71,189,0.0,0.0,0.0,14.36
2023-12-24 16:17:00,1.87,69.45,62.94,189,0.0,0.0,0.0,14.36
2023-12-24 16:18:00,1.85,69.69,62.18,189,0.0,0.0,0.0,14.36
2023-12-24 16:19:00,1.87,69.62,62.18,189,0.015,0.0,0.9,14.36
2023-12-24 16:20:00,1.87,69.83,60.65,189,0.015,0.0,0.9,14.36
2023-12-24 16:21:00,1.84,69.95,58.75,209,0.06,0.0,0.9,14.32
2023-12-24 16:22:00,1.78,70.08,54.93,206,0.03,0.0,0.9,14.28
2023-12-24 16:23:00,1.75,70.24,53.79,207,0.045,0.0,0.9,14.28
2023-12-24 16:24:00,1.74,70.41,53.03,207,0.015,0.0,0.9,14.28
2023-12-24 16:25:00,1.74,70.39,51.88,207,0.0,0.0,0.0,14.28
2023-12-24 16:26:00,1.7,70.42,50.35,236,0.015,0.0,0.9,14.24
2023-12-24 16:27:00,1.69,70.58,50.35,246,0.015,0.0,0.9,14.24
2023-12-24 16:28:00,1.69,70.41,50.35,246,0.0,0.0,0.0,14.24
2023-12-24 16:29:00,1.64,70.58,49.21,241,0.015,0.0,0.9,14.24
2023-12-24 16:30:00,1.62,70.67,47.3,241,0.0,0.0,0.0,14.24
2023-12-24 16:31:00,1.62,70.88,45.01,241,0.0,0.0,0.0,14.21
2023-12-24 16:32:00,1.57,70.91,41.2,230,0.03,0.0,0.9,14.17
2023-12-24 16:33:00,1.54,71.06,39.67,225,0.0,0.0,0.0,14.13
2023-12-24 16:34:00,1.54,70.82,37.77,225,0.0,0.0,0.0,14.13
2023-12-24 16:35:00,1.49,71.06,37.77,225,0.0,0.0,0.0,14.09
2023-12-24 16:36:00,1.47,71.15,38.91,225,0.0,0.0,0.0,14.09
2023-12-24 16:37:00,1.47,71.36,41.96,225,0.0,0.0,0.0,14.09
2023-12-24 16:38:00,1.46,71.46,45.4,225,0.0,0.0,0.0,14.09
2023-12-24 16:39:00,1.46,71.57,47.3,225,0.0,0.0,0.0,14.09
2023-12-24 16:40:00,1.45,71.62,47.68,225,0.03,0.0,0.9,14.09
2023-12-24 16:41:00,1.46,71.77,46.54,225,0.0,0.0,0.0,14.09
2023-12-24 16:42:00,1.46,71.32,44.63,250,0.015,0.0,0.9,14.09
2023-12-24 16:43:00,1.45,71.27,41.96,250,0.0,0.0,0.0,14.09
2023-12-24 16:44:00,1.43,71.34,39.29,250,0.0,0.0,0.0,14.09
2023-12-24 16:45:00,1.42,71.25,36.24,250,0.0,0.0,0.0,14.09
2023-12-24 16:46:00,1.42,71.32,34.33,250,0.0,0.0,0.0,14.09
2023-12-24 16:47:00,1.4,71.37,32.04,250,0.0,0.0,0.0,14.09
2023-12-24 16:48:00,1.35,71.26,30.9,250,0.0,0.0,0.0,14.09
2023-12-24 16:49:00,1.36,71.3,29.37,250,0.0,0.0,0.0,13.91
2023-12-24 16:50:00,1.33,71.27,27.47,250,0.0,0.0,0.0,13.91
2023-12-24 16:51:00,1.32,71.47,26.7,250,0.0,0.0,0.0,13.91
2023-12-24 16:52:00,1.31,71.32,25.56,250,0.0,0.0,0.0,13.83
2023-12-24 16:53:00,1.28,71.36,24.8,250,0.0,0.0,0.0,13.83
2023-12-24 16:54:00,1.26,71.4,24.03,250,0.0,0.0,0.0,13.83
2023-12-24 16:55:00,1.22,71.54,23.27,250,0.0,0.0,0.0,13.83
2023-12-24 16:56:00,1.21,71.66,22.13,250,0.0,0.0,0.0,13.79
2023-12-24 16:57:00,1.19,71.84,21.74,231,0.0,0.0,0.0,13.79
2023-12-24 16:58:00,1.18,72.08,20.22,231,0.0,0.0,0.0,13.79
2023-12-24 16:59:00,1.15,72.16,19.84,231,0.0,0.0,0.0,13.79
2023-12-24 17:00:00,1.15,72.4,19.07,231,0.0,0.0,0.0,13.79
2023-12-24 17:01:00,1.14,72.5,17.55,231,0.0,0.0,0.0,13.79
2023-12-24 17:02:00,1.11,72.68,16.78,231,0.0,0.0,0.0,13.79
2023-12-24 17:03:00,1.06,72.88,16.4,231,0.0,0.0,0.0,13.79
2023-12-24 17:04:00,1.02,73.05,15.64,231,0.0,0.0,0.0,13.64
2023-12-24 17:05:00,1.01,73.11,14.88,231,0.0,0.0,0.0,13.64
2023-12-24 17:06:00,0.98,73.08,13.73,231,0.0,0.0,0.0,13.61
2023-12-24 17:07:00,0.96,73.16,12.97,231,0.0,0.0,0.0,13.57
2023-12-24 17:08:00,0.92,73.36,12.59,231,0.0,0.0,0.0,13.53
2023-12-24 17:09:00,0.91,73.24,11.44,231,0.0,0.0,0.0,13.46
2023-12-24 17:10:00,0.91,73.45,10.68,231,0.0,0.0,0.0,13.16
2023-12-24 17:11:00,0.87,73.67,9.92,231,0.0,0.0,0.0,13.16
2023-12-24 17:12:00,0.84,73.86,9.16,231,0.0,0.0,0.0,13.16
2023-12-24 17:13:00,0.82,73.64,8.77,231,0.0,0.0,0.0,13.16
2023-12-24 17:14:00,0.8,73.72,8.39,231,0.0,0.0,0.0,13.16
2023-12-24 17:15:00,0.77,73.75,7.63,231,0.0,0.0,0.0,13.16
2023-12-24 17:16:00,0.74,73.81,6.87,231,0.0,0.0,0.0,13.16
2023-12-24 17:17:00,0.71,73.75,6.49,231,0.0,0.0,0.0,13.16
2023-12-24 17:18:00,0.71,73.88,5.72,231,0.0,0.0,0.0,13.16
2023-12-24 17:19:00,0.71,73.83,4.96,231,0.0,0.0,0.0,13.16
2023-12-24 17:20:00,0.67,73.86,4.96,231,0.0,0.0,0.0,13.16
2023-12-24 17:21:00,0.63,73.86,4.58,231,0.0,0.0,0.0,13.16
2023-12-24 17:22:00,0.64,74.07,3.81,231,0.0,0.0,0.0,13.16
2023-12-24 17:23:00,0.6,74.22,3.43,231,0.0,0.0,0.0,13.16
2023-12-24 17:24:00,0.59,74.26,3.05,231,0.0,0.0,0.0,13.16
2023-12-24 17:25:00,0.57,74.38,2.67,231,0.0,0.0,0.0,13.16
2023-12-24 17:26:00,0.51,74.6,2.29,231,0.0,0.0,0.0,13.16
2023-12-24 17:27:00,0.49,74.51,2.29,231,0.0,0.0,0.0,13.16
2023-12-24 17:28:00,0.49,74.49,1.91,231,0.0,0.0,0.0,13.16
2023-12-24 17:29:00,0.46,74.56,1.53,231,0.0,0.0,0.0,13.16
2023-12-24 17:30:00,0.43,74.49,1.53,231,0.0,0.0,0.0,13.16
2023-12-24 17:31:00,0.47,74.54,1.53,231,0.0,0.0,0.0,13.16
2023-12-24 17:32:00,0.43,74.86,1.14,231,0.0,0.0,0.0,13.12
2023-12-24 17:33:00,0.4,74.88,0.76,231,0.0,0.0,0.0,13.12
2023-12-24 17:34:00,0.39,74.82,1.14,231,0.0,0.0,0.0,13.12
2023-12-24 17:35:00,0.39,74.6,0.0,231,0.0,0.0,0.0,13.12
2023-12-24 17:36:00,0.4,74.6,0.76,231,0.0,0.0,0.0,13.12
2023-12-24 17:37:00,0.39,74.68,0.0,231,0.0,0.0,0.0,13.08
2023-12-24 17:38:00,0.36,74.69,0.0,231,0.0,0.0,0.0,13.08
2023-12-24 17:39:00,0.33,74.84,0.0,231,0.0,0.0,0.0,13.08
2023-12-24 17:40:00,0.33,74.86,0.0,231,0.0,0.0,0.0,13.08
2023-12-24 17:41:00,0.29,74.8,0.0,231,0.0,0.0,0.0,13.08
2023-12-24 17:42:00,0.3,75.06,0.0,231,0.0,0.0,0.0,13.08
2023-12-24 17:43:00,0.27,75.18,0.0,231,0.0,0.0,0.0,13.08
2023-12-24 17:44:00,0.22,75.06,0.0,231,0.0,0.0,0.0,13.08
2023-12-24 17:45:00,0.2,75.61,0.0,231,0.0,0.0,0.0,13.08
2023-12-24 17:46:00,0.14,75.59,0.0,231,0.0,0.0,0.0,13.08
2023-12-24 17:47:00,0.17,75.37,0.0,231,0.0,0.0,0.0,13.08
2023-12-24 17:48:00,0.16,75.35,0.0,231,0.0,0.0,0.0,13.08
2023-12-24 17:49:00,0.16,75.48,0.0,231,0.0,0.0,0.0,13.04
2023-12-24 17:50:00,0.14,75.67,0.0,231,0.0,0.0,0.0,13.04
2023-12-24 17:51:00,0.12,75.85,0.0,231,0.0,0.0,0.0,13.04
2023-12-24 17:52:00,0.1,75.59,0.0,231,0.0,0.0,0.0,13.04
2023-12-24 17:53:00,0.08,75.96,0.0,231,0.0,0.0,0.0,13.04
2023-12-24 17:54:00,0.05,76.59,0.0,231,0.0,0.0,0.0,13.04
2023-12-24 17:55:00,-0.01,76.78,0.0,231,0.0,0.0,0.0,13.04
2023-12-24 17:56:00,-0.07,77.03,0.0,231,0.0,0.0,0.0,13.04
2023-12-24 17:57:00,-0.09,76.84,0.0,231,0.0,0.0,0.0,13.04
2023-12-24 17:58:00,-0.09,76.69,0.0,231,0.0,0.0,0.0,13.04
2023-12-24 17:59:00,-0.11,76.45,0.0,231,0.0,0.0,0.0,13.04
2023-12-24 18:00:00,-0.11,76.47,0.0,231,0.0,0.0,0.0,13.04
2023-12-24 18:01:00,-0.15,77.08,0.0,231,0.0,0.0,0.0,13.04
2023-12-24 18:02:00,-0.17,77.33,0.0,231,0.0,0.0,0.0,13.04
2023-12-24 18:03:00,-0.17,77.18,0.0,231,0.0,0.0,0.0,13.04
2023-12-24 18:04:00,-0.19,77.14,0.0,231,0.0,0.0,0.0,13.04
2023-12-24 18:05:00,-0.21,77.06,0.0,231,0.0,0.0,0.0,13.04
2023-12-24 18:06:00,-0.19,76.99,0.0,231,0.0,0.0,0.0,13.04
2023-12-24 18:07:00,-0.23,77.06,0.0,231,0.0,0.0,0.0,13.04
2023-12-24 18:08:00,-0.22,77.11,0.0,231,0.0,0.0,0.0,13.04
2023-12-24 18:09:00,-0.22,76.96,0.0,231,0.0,0.0,0.0,13.04
2023-12-24 18:10:00,-0.22,76.63,0.0,231,0.0,0.0,0.0,13.04
2023-12-24 18:11:00,-0.19,76.75,0.0,231,0.0,0.0,0.0,13.04
2023-12-24 18:12:00,-0.18,76.66,0.0,231,0.0,0.0,0.0,13.04
2023-12-24 18:13:00,-0.19,76.5,0.0,231,0.0,0.0,0.0,13.04
2023-12-24 18:14:00,-0.18,76.39,0.0,231,0.0,0.0,0.0,13.04
2023-12-24 18:15:00,-0.18,76.5,0.0,231,0.0,0.0,0.0,13.04
2023-12-24 18:16:00,-0.19,76.52,0.0,231,0.0,0.0,0.0,13.04
2023-12-24 18:17:00,-0.22,76.39,0.0,231,0.0,0.0,0.0,13.04
2023-12-24 18:18:00,-0.23,76.74,0.0,231,0.0,0.0,0.0,13.04
2023-12-24 18:19:00,-0.22,77.12,0.0,231,0.0,0.0,0.0,13.04
2023-12-24 18:20:00,-0.21,76.6,0.0,231,0.0,0.0,0.0,13.04
2023-12-24 18:21:00,-0.18,76.35,0.0,231,0.0,0.0,0.0,13.04
2023-12-24 18:22:00,-0.15,76.08,0.0,231,0.0,0.0,0.0,13.04
2023-12-24 18:23:00,-0.09,75.95,0.0,231,0.0,0.0,0.0,13.04
2023-12-24 18:24:00,-0.09,76.43,0.0,231,0.0,0.0,0.0,13.04
2023-12-24 18:25:00,-0.09,76.44,0.0,231,0.0,0.0,0.0,13.04
2023-12-24 18:26:00,-0.08,76.05,0.0,231,0.0,0.0,0.0,13.04
2023-12-24 18:27:00,-0.08,75.77,0.0,231,0.0,0.0,0.0,13.04
2023-12-24 18:28:00,-0.07,75.81,0.0,231,0.0,0.0,0.0,13.04
2023-12-24 18:29:00,-0.05,75.73,0.0,231,0.0,0.0,0.0,13.04
2023-12-24 18:30:00,-0.02,75.81,0.0,231,0.0,0.0,0.0,13.04
2023-12-24 18:31:00,-0.01,75.96,0.0,231,0.0,0.0,0.0,13.04
2023-12-24 18:32:00,-0.01,75.94,0.0,231,0.0,0.0,0.0,13.04
2023-12-24 18:33:00,0.03,75.92,0.0,231,0.0,0.0,0.0,13.04
2023-12-24 18:34:00,0.03,75.94,0.0,231,0.015,0.0,0.9,13.04
2023-12-24 18:35:00,0.05,76.11,0.0,231,0.0,0.0,0.0,13.04
2023-12-24 18:36:00,0.05,76.08,0.0,231,0.0,0.0,0.0,13.04
2023-12-24 18:37:00,0.06,76.19,0.0,231,0.0,0.0,0.0,13.04
2023-12-24 18:38:00,0.06,76.35,0.0,182,0.03,0.0,0.9,13.04
2023-12-24 18:39:00,0.03,76.57,0.0,179,0.015,0.0,0.9,13.04
2023-12-24 18:40:00,-0.01,76.89,0.0,152,0.045,0.0,0.9,13.04
2023-12-24 18:41:00,-0.01,77.11,0.0,145,0.045,0.0,0.9,13.01
2023-12-24 18:42:00,-0.01,77.41,0.0,148,0.0,0.0,0.0,13.01
2023-12-24 18:43:00,0.01,77.55,0.0,147,0.0,0.0,0.0,13.01
2023-12-24 18:44:00,-0.02,77.64,0.0,147,0.0,0.0,0.0,13.01
2023-12-24 18:45:00,-0.02,77.87,0.0,150,0.0,0.0,0.0,13.01
2023-12-24 18:46:00,-0.04,78.11,0.0,153,0.0,0.0,0.0,13.01
2023-12-24 18:47:00,-0.04,78.29,0.0,157,0.015,0.0,0.9,13.01
2023-12-24 18:48:00,-0.04,78.32,0.0,197,0.015,0.0,0.9,13.01
2023-12-24 18:49:00,-0.04,78.4,0.0,282,0.045,0.0,0.9,13.01
2023-12-24 18:50:00,-0.02,78.31,0.0,224,0.0,0.0,0.0,13.01
2023-12-24 18:51:00,-0.05,78.29,0.0,227,0.105,0.0,0.9,13.01
2023-12-24 18:52:00,-0.07,78.27,0.0,227,0.0,0.0,0.0,12.97
2023-12-24 18:53:00,-0.09,78.23,0.0,228,0.015,0.0,0.9,12.97
2023-12-24 18:54:00,-0.12,78.21,0.0,228,0.0,0.0,0.0,13.01
2023-12-24 18:55:00,-0.11,78.21,0.0,228,0.015,0.0,0.9,12.97
2023-12-24 18:56:00,-0.12,78.32,0.0,228,0.0,0.0,0.0,12.97
2023-12-24 18:57:00,-0.14,78.35,0.0,228,0.0,0.0,0.0,13.01
2023-12-24 18:58:00,-0.15,78.47,0.0,228,0.0,0.0,0.0,13.01
2023-12-24 18:59:00,-0.18,78.62,0.0,228,0.0,0.0,0.0,13.01
2023-12-24 19:00:00,-0.18,78.74,0.0,228,0.0,0.0,0.0,12.97
2023-12-24 19:01:00,-0.19,78.92,0.0,228,0.0,0.0,0.0,12.97
2023-12-24 19:02:00,-0.21,79.13,0.0,228,0.0,0.0,0.0,12.97
2023-12-24 19:03:00,-0.21,79.23,0.0,228,0.0,0.0,0.0,12.97
2023-12-24 19:04:00,-0.21,79.34,0.0,228,0.0,0.0,0.0,12.97
2023-12-24 19:05:00,-0.22,79.28,0.0,228,0.0,0.0,0.0,12.97
2023-12-24 19:06:00,-0.26,79.31,0.0,228,0.0,0.0,0.0,12.97
2023-12-24 19:07:00,-0.28,79.48,0.0,228,0.0,0.0,0.0,12.97
2023-12-24 19:08:00,-0.29,79.65,0.0,228,0.0,0.0,0.0,12.97
2023-12-24 19:09:00,-0.29,79.65,0.0,228,0.0,0.0,0.0,12.97
2023-12-24 19:10:00,-0.3,79.67,0.0,228,0.0,0.0,0.0,12.97
2023-12-24 19:11:00,-0.29,79.7,0.0,228,0.0,0.0,0.0,12.97
2023-12-24 19:12:00,-0.33,79.71,0.0,224,0.0,0.0,0.0,12.97
2023-12-24 19:13:00,-0.32,79.76,0.0,225,0.015,0.0,0.9,12.97
2023-12-24 19:14:00,-0.33,79.87,0.0,225,0.0,0.0,0.0,12.97
2023-12-24 19:15:00,-0.35,79.96,0.0,226,0.0,0.0,0.0,12.97
2023-12-24 19:16:00,-0.36,79.98,0.0,229,0.03,0.0,0.9,12.97
2023-12-24 19:17:00,-0.38,79.96,0.0,233,0.0,0.0,0.0,12.97
2023-12-24 19:18:00,-0.36,79.95,0.0,236,0.015,0.0,0.9,12.97
2023-12-24 19:19:00,-0.36,79.94,0.0,236,0.0,0.0,0.0,12.97
2023-12-24 19:20:00,-0.4,80.14,0.0,236,0.0,0.0,0.0,12.97
2023-12-24 19:21:00,-0.39,80.26,0.0,235,0.015,0.0,0.9,12.93
2023-12-24 19:22:00,-0.4,80.29,0.0,235,0.0,0.0,0.0,12.93
2023-12-24 19:23:00,-0.42,80.34,0.0,235,0.0,0.0,0.0,12.93
2023-12-24 19:24:00,-0.42,80.35,0.0,235,0.0,0.0,0.0,12.93
2023-12-24 19:25:00,-0.45,80.45,0.0,235,0.0,0.0,0.0,12.93
2023-12-24 19:26:00,-0.45,80.59,0.0,235,0.0,0.0,0.0,12.93
2023-12-24 19:27:00,-0.42,80.58,0.0,235,0.0,0.0,0.0,12.97
2023-12-24 19:28:00,-0.43,80.57,0.0,235,0.0,0.0,0.0,12.93
2023-12-24 19:29:00,-0.45,80.64,0.0,210,0.045,0.0,0.9,12.93
2023-12-24 19:30:00,-0.45,80.6,0.0,186,0.06,0.0,0.9,12.93
2023-12-24 19:31:00,-0.49,80.52,0.0,186,0.015,0.0,0.9,12.93
2023-12-24 19:32:00,-0.45,80.58,0.0,186,0.015,0.0,0.9,12.93
2023-12-24 19:33:00,-0.45,80.57,0.0,174,0.045,0.0,0.9,12.93
2023-12-24 19:34:00,-0.45,80.57,0.0,186,0.045,0.0,0.9,12.93
2023-12-24 19:35:00,-0.43,80.59,0.0,166,0.015,0.0,0.9,12.93
2023-12-24 19:36:00,-0.46,80.66,0.0,147,0.015,0.0,0.9,12.93
2023-12-24 19:37:00,-0.46,80.74,0.0,158,0.06,0.0,0.9,12.93
2023-12-24 19:38:00,-0.45,80.89,0.0,158,0.015,0.0,0.9,12.93
2023-12-24 19:39:00,-0.48,80.99,0.0,158,0.015,0.0,0.9,12.93
2023-12-24 19:40:00,-0.48,80.91,0.0,158,0.015,0.0,0.9,12.93
2023-12-24 19:41:00,-0.46,80.93,0.0,158,0.0,0.0,0.0,12.93
2023-12-24 19:42:00,-0.48,80.96,0.0,158,0.0,0.0,0.0,12.93
2023-12-24 19:43:00,-0.46,80.91,0.0,158,0.0,0.0,0.0,12.93
2023-12-24 19:44:00,-0.46,80.92,0.0,158,0.0,0.0,0.0,12.93
2023-12-24 19:45:00,-0.43,80.9,0.0,158,0.0,0.0,0.0,12.93
2023-12-24 19:46:00,-0.49,81.01,0.0,158,0.0,0.0,0.0,12.93
2023-12-24 19:47:00,-0.5,80.94,0.0,158,0.0,0.0,0.0,12.93
2023-12-24 19:48:00,-0.49,80.94,0.0,158,0.0,0.0,0.0,12.93
2023-12-24 19:49:00,-0.5,81.18,0.0,158,0.0,0.0,0.0,12.93
2023-12-24 19:50:00,-0.53,81.15,0.0,158,0.0,0.0,0.0,12.93
2023-12-24 19:51:00,-0.53,81.06,0.0,158,0.0,0.0,0.0,12.93
2023-12-24 19:52:00,-0.56,81.05,0.0,158,0.0,0.0,0.0,12.93
2023-12-24 19:53:00,-0.55,81.02,0.0,158,0.0,0.0,0.0,12.93
2023-12-24 19:54:00,-0.58,81.19,0.0,158,0.0,0.0,0.0,12.93
2023-12-24 19:55:00,-0.59,81.44,0.0,158,0.0,0.0,0.0,12.93
2023-12-24 19:56:00,-0.62,81.52,0.0,158,0.0,0.0,0.0,12.93
2023-12-24 19:57:00,-0.63,81.67,0.0,158,0.0,0.0,0.0,12.93
2023-12-24 19:58:00,-0.63,81.83,0.0,158,0.0,0.0,0.0,12.93
2023-12-24 19:59:00,-0.68,82.02,0.0,158,0.0,0.0,0.0,12.93
2023-12-24 20:00:00,-0.68,82.17,0.0,158,0.0,0.0,0.0,12.93
2023-12-24 20:01:00,-0.66,82.2,0.0,158,0.0,0.0,0.0,12.93
2023-12-24 20:02:00,-0.65,82.26,0.0,158,0.0,0.0,0.0,12.93
2023-12-24 20:03:00,-0.65,82.33,0.0,158,0.0,0.0,0.0,12.93
2023-12-24 20:04:00,-0.69,82.34,0.0,158,0.0,0.0,0.0,12.93
2023-12-24 20:05:00,-0.65,82.41,0.0,158,0.0,0.0,0.0,12.93
2023-12-24 20:06:00,-0.66,82.47,0.0,159,0.0,0.0,0.0,12.93
2023-12-24 20:07:00,-0.66,82.39,0.0,159,0.015,0.0,0.9,12.93
2023-12-24 20:08:00,-0.68,82.39,0.0,159,0.0,0.0,0.0,12.93
2023-12-24 20:09:00,-0.68,82.38,0.0,159,0.0,0.0,0.0,12.93
2023-12-24 20:10:00,-0.66,82.42,0.0,159,0.0,0.0,0.0,12.93
2023-12-24 20:11:00,-0.65,82.54,0.0,159,0.0,0.0,0.0,12.93
2023-12-24 20:12:00,-0.66,82.55,0.0,160,0.015,0.0,0.9,12.93
2023-12-24 20:13:00,-0.65,82.53,0.0,159,0.0,0.0,0.0,12.93
2023-12-24 20:14:00,-0.65,82.59,0.0,159,0.0,0.0,0.0,12.93
2023-12-24 20:15:00,-0.65,82.56,0.0,159,0.0,0.0,0.0,12.93
2023-12-24 20:16:00,-0.65,82.58,0.0,159,0.0,0.0,0.0,12.93
2023-12-24 20:17:00,-0.66,82.61,0.0,161,0.0,0.0,0.0,12.93
2023-12-24 20:18:00,-0.62,82.67,0.0,161,0.0,0.0,0.0,12.93
2023-12-24 20:19:00,-0.65,82.79,0.0,161,0.0,0.0,0.0,12.93
2023-12-24 20:20:00,-0.63,82.8,0.0,162,0.015,0.0,0.9,12.93
2023-12-24 20:21:00,-0.62,82.78,0.0,173,0.015,0.0,0.9,12.93
2023-12-24 20:22:00,-0.63,82.86,0.0,174,0.0,0.0,0.0,12.93
2023-12-24 20:23:00,-0.59,82.86,0.0,174,0.0,0.0,0.0,12.93
2023-12-24 20:24:00,-0.59,82.86,0.0,174,0.0,0.0,0.0,12.93
2023-12-24 20:25:00,-0.58,82.93,0.0,174,0.015,0.0,0.9,12.93
2023-12-24 20:26:00,-0.58,82.98,0.0,174,0.0,0.0,0.0,12.93
2023-12-24 20:27:00,-0.56,83.05,0.0,174,0.0,0.0,0.0,12.93
2023-12-24 20:28:00,-0.56,82.96,0.0,174,0.0,0.0,0.0,12.93
2023-12-24 20:29:00,-0.56,82.87,0.0,174,0.0,0.0,0.0,12.93
2023-12-24 20:30:00,-0.55,82.78,0.0,174,0.015,0.0,0.9,12.93
2023-12-24 20:31:00,-0.55,82.72,0.0,174,0.03,0.0,0.9,12.93
2023-12-24 20:32:00,-0.5,82.64,0.0,177,0.015,0.0,0.9,12.93
2023-12-24 20:33:00,-0.49,82.53,0.0,173,0.075,0.0,0.9,12.93
2023-12-24 20:34:00,-0.49,82.44,0.0,176,0.015,0.0,0.9,12.93
2023-12-24 20:35:00,-0.48,82.49,0.0,176,0.015,0.0,0.9,12.93
2023-12-24 20:36:00,-0.46,82.36,0.0,176,0.0,0.0,0.0,12.93
2023-12-24 20:37:00,-0.48,82.48,0.0,176,0.0,0.0,0.0,12.93
2023-12-24 20:38:00,-0.46,82.5,0.0,181,0.015,0.0,0.9,12.93
2023-12-24 20:39:00,-0.46,82.49,0.0,181,0.0,0.0,0.0,12.93
2023-12-24 20:40:00,-0.43,82.4,0.0,175,0.0,0.0,0.0,12.93
2023-12-24 20:41:00,-0.45,82.37,0.0,175,0.0,0.0,0.0,12.93
2023-12-24 20:42:00,-0.42,82.33,0.0,175,0.0,0.0,0.0,12.93
2023-12-24 20:43:00,-0.43,82.51,0.0,175,0.0,0.0,0.0,12.93
2023-12-24 20:44:00,-0.42,82.39,0.0,175,0.0,0.0,0.0,12.93
2023-12-24 20:45:00,-0.39,82.37,0.0,175,0.0,0.0,0.0,12.93
2023-12-24 20:46:00,-0.4,82.42,0.0,175,0.0,0.0,0.0,12.93
2023-12-24 20:47:00,-0.38,82.4,0.0,175,0.0,0.0,0.0,12.93
2023-12-24 20:48:00,-0.35,82.36,0.0,203,0.015,0.0,0.9,12.93
2023-12-24 20:49:00,-0.36,82.18,0.0,203,0.0,0.0,0.0,12.93
2023-12-24 20:50:00,-0.35,82.05,0.0,202,0.0,0.0,0.0,12.93
2023-12-24 20:51:00,-0.33,82.0,0.0,202,0.0,0.0,0.0,12.89
2023-12-24 20:52:00,-0.36,82.01,0.0,202,0.0,0.0,0.0,12.93
2023-12-24 20:53:00,-0.32,81.95,0.0,203,0.0,0.0,0.0,12.93
2023-12-24 20:54:00,-0.32,81.89,0.0,200,0.015,0.0,0.9,12.89
2023-12-24 20:55:00,-0.3,81.93,0.0,183,0.03,0.0,0.9,12.93
2023-12-24 20:56:00,-0.29,81.94,0.0,194,0.015,0.0,0.9,12.93
2023-12-24 20:57:00,-0.3,81.94,0.0,186,0.045,0.0,0.9,12.93
2023-12-24 20:58:00,-0.33,81.89,0.0,140,0.135,0.0,0.9,12.89
2023-12-24 20:59:00,-0.3,81.88,0.0,152,0.09,0.0,0.9,12.93
2023-12-24 21:00:00,-0.29,81.92,0.0,160,0.03,0.0,0.9,12.93
2023-12-24 21:01:00,-0.32,81.88,0.0,154,0.03,0.0,0.9,12.89
2023-12-24 21:02:00,-0.3,81.85,0.0,149,0.015,0.0,0.9,12.93
2023-12-24 21:03:00,-0.3,81.84,0.0,147,0.0,0.0,0.0,12.89
2023-12-24 21:04:00,-0.29,81.88,0.0,150,0.0,0.0,0.0,12.89
2023-12-24 21:05:00,-0.3,81.93,0.0,150,0.0,0.0,0.0,12.93
2023-12-24 21:06:00,-0.28,81.98,0.0,150,0.0,0.0,0.0,12.89
2023-12-24 21:07:00,-0.29,81.96,0.0,150,0.0,0.0,0.0,12.89
2023-12-24 21:08:00,-0.26,81.95,0.0,150,0.0,0.0,0.0,12.89
2023-12-24 21:09:00,-0.26,81.94,0.0,150,0.015,0.0,0.9,12.89
2023-12-24 21:10:00,-0.25,81.81,0.0,161,0.0,0.0,0.0,12.93
2023-12-24 21:11:00,-0.23,81.76,0.0,161,0.0,0.0,0.0,12.89
2023-12-24 21:12:00,-0.21,81.74,0.0,161,0.0,0.0,0.0,12.89
2023-12-24 21:13:00,-0.21,81.63,0.0,161,0.0,0.0,0.0,12.89
2023-12-24 21:14:00,-0.22,81.65,0.0,161,0.0,0.0,0.0,12.93
2023-12-24 21:15:00,-0.21,81.67,0.0,161,0.0,0.0,0.0,12.89
2023-12-24 21:16:00,-0.18,81.63,0.0,161,0.0,0.0,0.0,12.89
2023-12-24 21:17:00,-0.18,81.67,0.0,161,0.0,0.0,0.0,12.89
2023-12-24 21:18:00,-0.18,81.62,0.0,161,0.0,0.0,0.0,12.89
2023-12-24 21:19:00,-0.17,81.58,0.0,161,0.0,0.0,0.0,12.89
2023-12-24 21:20:00,-0.17,81.61,0.0,161,0.0,0.0,0.0,12.89
2023-12-24 21:21:00,-0.15,81.61,0.0,161,0.0,0.0,0.0,12.89
2023-12-24 21:22:00,-0.15,81.55,0.0,161,0.0,0.0,0.0,12.89
2023-12-24 21:23:00,-0.15,81.43,0.0,161,0.0,0.0,0.0,12.89
2023-12-24 21:24:00,-0.17,81.55,0.0,161,0.0,0.0,0.0,12.89
2023-12-24 21:25:00,-0.15,81.53,0.0,161,0.0,0.0,0.0,12.89
2023-12-24 21:26:00,-0.14,81.43,0.0,161,0.0,0.0,0.0,12.89
2023-12-24 21:27:00,-0.14,81.37,0.0,161,0.0,0.0,0.0,12.89
2023-12-24 21:28:00,-0.14,81.61,0.0,161,0.0,0.0,0.0,12.89
2023-12-24 21:29:00,-0.15,81.46,0.0,158,0.03,0.0,0.9,12.89
2023-12-24 21:30:00,-0.18,80.85,0.0,118,0.0,0.0,0.0,12.89
2023-12-24 21:31:00,-0.18,80.82,0.0,118,0.0,0.0,0.0,12.89
2023-12-24 21:32:00,-0.19,80.79,0.0,118,0.0,0.0,0.0,12.89
2023-12-24 21:33:00,-0.21,80.72,0.0,118,0.0,0.0,0.0,12.89
2023-12-24 21:34:00,-0.21,80.79,0.0,118,0.0,0.0,0.0,12.89
2023-12-24 21:35:00,-0.22,80.9,0.0,119,0.015,0.0,0.9,12.89
2023-12-24 21:36:00,-0.25,80.78,0.0,105,0.06,0.0,0.9,12.89
2023-12-24 21:37:00,-0.26,80.96,0.0,105,0.0,0.0,0.0,12.89
2023-12-24 21:38:00,-0.25,81.07,0.0,105,0.0,0.0,0.0,12.89
2023-12-24 21:39:00,-0.26,81.28,0.0,105,0.0,0.0,0.0,12.89
2023-12-24 21:40:00,-0.28,81.41,0.0,105,0.0,0.0,0.0,12.89
2023-12-24 21:41:00,-0.28,81.44,0.0,105,0.0,0.0,0.0,12.89
2023-12-24 21:42:00,-0.29,81.69,0.0,105,0.0,0.0,0.0,12.89
2023-12-24 21:43:00,-0.28,81.77,0.0,105,0.0,0.0,0.0,12.89
2023-12-24 21:44:00,-0.3,81.72,0.0,105,0.0,0.0,0.0,12.89
2023-12-24 21:45:00,-0.28,81.61,0.0,105,0.0,0.0,0.0,12.89
2023-12-24 21:46:00,-0.28,81.55,0.0,105,0.0,0.0,0.0,12.89
2023-12-24 21:47:00,-0.28,81.55,0.0,105,0.0,0.0,0.0,12.89
2023-12-24 21:48:00,-0.29,81.55,0.0,105,0.0,0.0,0.0,12.89
2023-12-24 21:49:00,-0.28,81.8,0.0,105,0.0,0.0,0.0,12.89
2023-12-24 21:50:00,-0.28,81.95,0.0,105,0.0,0.0,0.0,12.89
2023-12-24 21:51:00,-0.28,82.33,0.0,105,0.0,0.0,0.0,12.89
2023-12-24 21:52:00,-0.28,82.29,0.0,105,0.0,0.0,0.0,12.89
2023-12-24 21:53:00,-0.26,82.18,0.0,105,0.0,0.0,0.0,12.89
2023-12-24 21:54:00,-0.26,82.26,0.0,105,0.0,0.0,0.0,12.89
2023-12-24 21:55:00,-0.26,82.22,0.0,105,0.0,0.0,0.0,12.89
2023-12-24 21:56:00,-0.26,82.44,0.0,105,0.0,0.0,0.0,12.89
2023-12-24 21:57:00,-0.29,82.47,0.0,106,0.015,0.0,0.9,12.89
2023-12-24 21:58:00,-0.3,82.26,0.0,58,0.09,0.0,0.9,12.89
2023-12-24 21:59:00,-0.33,81.69,0.0,44,0.735,0.0,1.8,12.89
2023-12-24 22:00:00,-0.32,81.62,0.0,74,0.36,0.0,1.8,12.89
2023-12-24 22:01:00,-0.33,81.75,0.0,70,0.015,0.0,0.9,12.89
2023-12-24 22:02:00,-0.35,81.79,0.0,63,0.015,0.0,0.9,12.89
2023-12-24 22:03:00,-0.36,81.69,0.0,67,0.315,0.0,0.9,12.89
2023-12-24 22:04:00,-0.36,81.78,0.0,61,0.21,0.0,0.9,12.89
2023-12-24 22:05:00,-0.33,81.92,0.0,48,0.195,0.0,0.9,12.89
2023-12-24 22:06:00,-0.32,82.06,0.0,51,0.015,0.0,0.9,12.89
2023-12-24 22:07:00,-0.29,81.91,0.0,61,0.105,0.0,0.9,12.89
2023-12-24 22:08:00,-0.28,81.9,0.0,60,0.015,0.0,0.9,12.89
2023-12-24 22:09:00,-0.28,81.82,0.0,60,0.0,0.0,0.0,12.89
2023-12-24 22:10:00,-0.25,81.61,0.0,46,0.18,0.0,0.9,12.89
2023-12-24 22:11:00,-0.25,81.15,0.0,34,0.285,0.0,0.9,12.89
2023-12-24 22:12:00,-0.25,80.92,0.0,37,0.015,0.0,0.9,12.89
2023-12-24 22:13:00,-0.23,80.84,0.0,31,0.0,0.0,0.0,12.89
2023-12-24 22:14:00,-0.23,80.78,0.0,32,0.0,0.0,0.0,12.89
2023-12-24 22:15:00,-0.23,80.84,0.0,32,0.0,0.0,0.0,12.89
2023-12-24 22:16:00,-0.23,81.02,0.0,51,0.09,0.0,0.9,12.89
2023-12-24 22:17:00,-0.23,81.01,0.0,51,0.0,0.0,0.0,12.89
2023-12-24 22:18:00,-0.23,81.07,0.0,66,0.075,0.0,0.9,12.89
2023-12-24 22:19:00,-0.22,81.07,0.0,40,0.015,0.0,0.9,12.89
2023-12-24 22:20:00,-0.22,81.11,0.0,44,0.015,0.0,0.9,12.89
2023-12-24 22:21:00,-0.22,81.14,0.0,44,0.0,0.0,0.0,12.89
2023-12-24 22:22:00,-0.23,81.25,0.0,55,0.015,0.0,0.9,12.89
2023-12-24 22:23:00,-0.23,81.25,0.0,55,0.0,0.0,0.0,12.89
2023-12-24 22:24:00,-0.22,81.43,0.0,55,0.0,0.0,0.0,12.89
2023-12-24 22:25:00,-0.21,81.39,0.0,55,0.0,0.0,0.0,12.89
2023-12-24 22:26:00,-0.21,81.57,0.0,55,0.0,0.0,0.0,12.89
2023-12-24 22:27:00,-0.22,81.57,0.0,55,0.0,0.0,0.0,12.89
2023-12-24 22:28:00,-0.22,81.55,0.0,55,0.0,0.0,0.0,12.89
2023-12-24 22:29:00,-0.22,81.54,0.0,55,0.0,0.0,0.0,12.89
2023-12-24 22:30:00,-0.21,81.48,0.0,55,0.0,0.0,0.0,12.89
2023-12-24 22:31:00,-0.18,81.5,0.0,55,0.0,0.0,0.0,12.89
2023-12-24 22:32:00,-0.21,81.45,0.0,55,0.0,0.0,0.0,12.89
2023-12-24 22:33:00,-0.19,81.28,0.0,55,0.0,0.0,0.0,12.89
2023-12-24 22:34:00,-0.17,81.22,0.0,54,0.015,0.0,0.9,12.89
2023-12-24 22:35:00,-0.15,81.04,0.0,57,0.0,0.0,0.0,12.89
2023-12-24 22:36:00,-0.15,81.07,0.0,57,0.0,0.0,0.0,12.89
2023-12-24 22:37:00,-0.12,80.89,0.0,57,0.0,0.0,0.0,12.89
2023-12-24 22:38:00,-0.12,80.93,0.0,57,0.0,0.0,0.0,12.89
2023-12-24 22:39:00,-0.12,80.93,0.0,57,0.0,0.0,0.0,12.89
2023-12-24 22:40:00,-0.09,80.63,0.0,57,0.0,0.0,0.0,12.89
2023-12-24 22:41:00,-0.09,80.32,0.0,57,0.0,0.0,0.0,12.89
2023-12-24 22:42:00,-0.08,80.47,0.0,57,0.0,0.0,0.0,12.89
2023-12-24 22:43:00,-0.07,80.79,0.0,57,0.0,0.0,0.0,12.89
2023-12-24 22:44:00,-0.07,80.64,0.0,57,0.0,0.0,0.0,12.89
2023-12-24 22:45:00,-0.04,80.44,0.0,57,0.0,0.0,0.0,12.89
2023-12-24 22:46:00,-0.07,80.11,0.0,57,0.0,0.0,0.0,12.89
2023-12-24 22:47:00,-0.02,80.07,0.0,57,0.0,0.0,0.0,12.89
2023-12-24 22:48:00,-0.04,80.08,0.0,57,0.0,0.0,0.0,12.89
2023-12-24 22:49:00,-0.05,80.04,0.0,116,0.03,0.0,0.9,12.89
2023-12-24 22:50:00,-0.02,80.39,0.0,116,0.0,0.0,0.0,12.89
2023-12-24 22:51:00,-0.02,80.06,0.0,116,0.0,0.0,0.0,12.89
2023-12-24 22:52:00,-0.01,79.88,0.0,116,0.0,0.0,0.0,12.89
2023-12-24 22:53:00,-0.02,79.68,0.0,116,0.0,0.0,0.0,12.89
2023-12-24 22:54:00,-0.04,79.57,0.0,116,0.0,0.0,0.0,12.89
2023-12-24 22:55:00,-0.04,79.55,0.0,116,0.0,0.0,0.0,12.89
2023-12-24 22:56:00,-0.02,79.47,0.0,116,0.0,0.0,0.0,12.89
2023-12-24 22:57:00,-0.02,79.64,0.0,116,0.0,0.0,0.0,12.89
2023-12-24 22:58:00,-0.02,79.73,0.0,118,0.0,0.0,0.0,12.89
2023-12-24 22:59:00,0.01,79.75,0.0,125,0.015,0.0,0.9,12.89
2023-12-24 23:00:00,0.01,79.76,0.0,125,0.0,0.0,0.0,12.89
2023-12-24 23:01:00,0.01,79.66,0.0,128,0.0,0.0,0.0,12.89
2023-12-24 23:02:00,0.01,79.66,0.0,128,0.015,0.0,0.9,12.89
2023-12-24 23:03:00,-0.01,79.57,0.0,128,0.0,0.0,0.0,12.89
2023-12-24 23:04:00,0.02,79.68,0.0,128,0.0,0.0,0.0,12.89
2023-12-24 23:05:00,0.02,79.68,0.0,128,0.0,0.0,0.0,12.89
2023-12-24 23:06:00,0.03,79.4,0.0,128,0.0,0.0,0.0,12.89
2023-12-24 23:07:00,0.02,79.36,0.0,128,0.0,0.0,0.0,12.89
2023-12-24 23:08:00,0.03,79.46,0.0,128,0.0,0.0,0.0,12.89
2023-12-24 23:09:00,0.03,79.77,0.0,128,0.0,0.0,0.0,12.89
2023-12-24 23:10:00,0.02,79.94,0.0,128,0.0,0.0,0.0,12.89
2023-12-24 23:11:00,0.02,79.83,0.0,128,0.0,0.0,0.0,12.89
2023-12-24 23:12:00,0.03,79.6,0.0,127,0.0,0.0,0.0,12.89
2023-12-24 23:13:00,0.01,79.37,0.0,127,0.015,0.0,0.9,12.89
2023-12-24 23:14:00,0.01,79.61,0.0,127,0.0,0.0,0.0,12.89
2023-12-24 23:15:00,-0.01,79.68,0.0,127,0.0,0.0,0.0,12.89
2023-12-24 23:16:00,0.01,79.78,0.0,127,0.0,0.0,0.0,12.89
2023-12-24 23:17:00,-0.01,79.9,0.0,127,0.0,0.0,0.0,12.89
2023-12-24 23:18:00,-0.02,80.06,0.0,127,0.0,0.0,0.0,12.89
2023-12-24 23:19:00,-0.02,80.29,0.0,127,0.015,0.0,0.9,12.89
2023-12-24 23:20:00,-0.07,80.21,0.0,127,0.015,0.0,0.9,12.89
2023-12-24 23:21:00,-0.07,80.24,0.0,127,0.0,0.0,0.0,12.89
2023-12-24 23:22:00,-0.08,80.21,0.0,127,0.0,0.0,0.0,12.89
2023-12-24 23:23:00,-0.08,80.29,0.0,127,0.0,0.0,0.0,12.89
2023-12-24 23:24:00,-0.07,80.28,0.0,127,0.0,0.0,0.0,12.89
2023-12-24 23:25:00,-0.07,80.22,0.0,127,0.0,0.0,0.0,12.89
2023-12-24 23:26:00,-0.07,80.24,0.0,128,0.0,0.0,0.0,12.89
2023-12-24 23:27:00,-0.05,80.29,0.0,128,0.0,0.0,0.0,12.89
2023-12-24 23:28:00,-0.05,80.36,0.0,128,0.0,0.0,0.0,12.89
2023-12-24 23:29:00,-0.04,80.52,0.0,128,0.0,0.0,0.0,12.89
2023-12-24 23:30:00,0.01,80.55,0.0,128,0.0,0.0,0.0,12.89
2023-12-24 23:31:00,-0.02,80.51,0.0,128,0.0,0.0,0.0,12.89
2023-12-24 23:32:00,-0.02,80.55,0.0,128,0.0,0.0,0.0,12.89
2023-12-24 23:33:00,-0.02,80.57,0.0,128,0.0,0.0,0.0,12.89
2023-12-24 23:34:00,-0.01,80.64,0.0,128,0.0,0.0,0.0,12.89
2023-12-24 23:35:00,0.02,80.71,0.0,128,0.0,0.0,0.0,12.89
2023-12-24 23:36:00,0.03,80.79,0.0,128,0.0,0.0,0.0,12.89
2023-12-24 23:37:00,0.03,80.74,0.0,128,0.0,0.0,0.0,12.89
2023-12-24 23:38:00,0.03,80.66,0.0,129,0.0,0.0,0.0,12.89
2023-12-24 23:39:00,0.06,80.51,0.0,128,0.0,0.0,0.0,12.89
2023-12-24 23:40:00,0.08,80.47,0.0,128,0.0,0.0,0.0,12.89
2023-12-24 23:41:00,0.09,80.49,0.0,128,0.0,0.0,0.0,12.89
2023-12-24 23:42:00,0.09,80.49,0.0,128,0.0,0.0,0.0,12.89
2023-12-24 23:43:00,0.1,80.37,0.0,128,0.0,0.0,0.0,12.89
2023-12-24 23:44:00,0.12,80.18,0.0,128,0.0,0.0,0.0,12.89
2023-12-24 23:45:00,0.12,79.86,0.0,130,0.0,0.0,0.0,12.89
2023-12-24 23:46:00,0.13,79.54,0.0,192,0.045,0.0,0.9,12.89
2023-12-24 23:47:00,0.13,79.23,0.0,233,0.06,0.0,0.9,12.89
2023-12-24 23:48:00,0.14,78.78,0.0,240,0.075,0.0,0.9,12.89
2023-12-24 23:49:00,0.14,78.76,0.0,237,0.0,0.0,0.0,12.89
2023-12-24 23:50:00,0.14,78.72,0.0,237,0.0,0.0,0.0,12.89
2023-12-24 23:51:00,0.14,78.66,0.0,237,0.03,0.0,0.9,12.89
2023-12-24 23:52:00,0.14,78.54,0.0,237,0.015,0.0,0.9,12.89
2023-12-24 23:53:00,0.16,78.56,0.0,237,0.0,0.0,0.0,12.89
2023-12-24 23:54:00,0.16,78.46,0.0,237,0.015,0.0,0.9,12.89
2023-12-24 23:55:00,0.14,78.5,0.0,237,0.0,0.0,0.0,12.89
2023-12-24 23:56:00,0.16,78.48,0.0,254,0.045,0.0,0.9,12.89
2023-12-24 23:57:00,0.16,78.59,0.0,254,0.015,0.0,0.9,12.89
2023-12-24 23:58:00,0.16,78.66,0.0,254,0.0,0.0,0.0,12.89
2023-12-24 23:59:00,0.16,78.7,0.0,254,0.0,0.0,0.0,12.89
